timestamp,__name__,value,task_name
1646571474,throughput,0,
1646571489,throughput,0,
1646571504,throughput,0,
1646571519,throughput,0,
1646571534,throughput,0,
1646571549,throughput,8235.566666666668,
1646571564,throughput,41473.34999999999,
1646571579,throughput,95728.71666666667,
1646571594,throughput,144416.06666666668,
1646571609,throughput,176205.1,
1646571624,throughput,182909.19999999998,
1646571639,throughput,35320.833333333336,
1646571654,throughput,79934.08333333333,
1646571669,throughput,121442.78333333333,
1646571684,throughput,22892.333333333332,
1646571699,throughput,69279.46666666666,
1646571714,throughput,109659.3,
1646571729,throughput,155869.5,
1646571744,throughput,177056.56666666665,
1646571759,throughput,170712.48333333334,
1646571774,throughput,170444.48333333334,
1646571789,throughput,164213.6,
1646571804,throughput,160120.71666666667,
1646571819,throughput,160040.65,
1646571834,throughput,159939.05,
1646571849,throughput,159955.5,
1646571864,throughput,159941.45,
1646571879,throughput,160099.96666666667,
1646571894,throughput,159992.9,
1646571909,throughput,160071.5833333333,
1646571924,throughput,160074.6,
1646571939,throughput,160023.49999999997,
1646571954,throughput,160069.98333333337,
1646571969,throughput,160005.68333333332,
1646571984,throughput,160024.91666666666,
1646571999,throughput,159940.5,
1646572014,throughput,159953.96666666667,
1646572029,throughput,140353.68333333332,
1646572044,throughput,41472.88333333333,
1646572059,throughput,72057.23333333334,
1646572074,throughput,27622.2,
1646572089,throughput,106706.73333333334,
1646572104,throughput,146642.98333333334,
1646572119,throughput,186756.8,
1646572134,throughput,198889.05,
1646572149,throughput,160093.76666666666,
1646572164,throughput,160081,
1646572179,throughput,159887.1666666667,
1646572194,throughput,160331.48333333334,
1646572209,throughput,158781.66666666666,
1646572224,throughput,156946.53333333333,
1646572239,throughput,90909.11666666667,
1646572254,throughput,54186.48333333334,
1646572269,throughput,92732.66666666667,
1646572284,throughput,128686.48333333334,
1646572299,throughput,164870.18333333332,
1646572314,throughput,146989.13333333333,
1646572329,throughput,143287.36666666664,
1646572344,throughput,141687.76666666666,
1646572359,throughput,139681.13333333333,
1646572374,throughput,137318.83333333334,
1646572389,throughput,135503.45,
1646572404,throughput,133158.35,
1646572419,throughput,131091.78333333333,
1646572434,throughput,129051.36666666667,
1646572449,throughput,126927.63333333335,
1646572464,throughput,124933.63333333333,
1646572479,throughput,122921.8,
1646572494,throughput,120652.56666666667,
1646572509,throughput,118567.35,
1646572524,throughput,116556.81666666668,
1646572539,throughput,114320.26666666666,
1646572554,throughput,112366.38333333333,
1646572569,throughput,110192.66666666667,
1646572584,throughput,54381.88333333333,
1646572599,throughput,40374.549999999996,
1646572614,throughput,69327.83333333334,
1646572629,throughput,93725.29999999999,
1646572644,throughput,117539.6,
1646572659,throughput,100819.43333333333,
1646572674,throughput,95933.86666666667,
1646572689,throughput,93812.68333333333,
1646572704,throughput,91859.70000000001,
1646572719,throughput,90162.68333333333,
1646572734,throughput,87875.43333333333,
1646572749,throughput,85974.06666666667,
1646572764,throughput,84242.68333333333,
1646572779,throughput,82178.5,
1646572794,throughput,80312.73333333334,
1646572809,throughput,78697.68333333333,
1646572824,throughput,76821.06666666667,
1646572839,throughput,75242.25,
1646572854,throughput,73554.31666666667,
1646572869,throughput,71824.71666666667,
1646572884,throughput,70344.66666666667,
1646572899,throughput,68403.66666666666,
1646572914,throughput,66920.88333333333,
1646572929,throughput,65303.649999999994,
1646572944,throughput,63856.66666666667,
1646572959,throughput,62584.11666666666,
1646572974,throughput,60853.36666666666,
1646572989,throughput,59642.11666666667,
1646573004,throughput,58175.3,
1646573019,throughput,56973.78333333334,
1646573034,throughput,55528.7,
1646573049,throughput,54408.88333333333,
1646573064,throughput,53309.25,
1646573079,throughput,52180.65,
1646573094,throughput,51093.49999999999,
1646573109,throughput,50043.25,
1646573124,throughput,49032.466666666674,
1646573139,throughput,47988.433333333334,
1646573154,throughput,47244.566666666666,
1646573169,throughput,46298.01666666666,
1646573184,throughput,45511.58333333333,
1646573199,throughput,44799.76666666666,
1646573214,throughput,44038.816666666666,
1646573229,throughput,43505.96666666667,
1646573244,throughput,42869.11666666667,
1646573259,throughput,42494.35,
1646573274,throughput,41812.61666666667,
1646573289,throughput,41462.48333333334,
1646573304,throughput,41296.5,
1646573319,throughput,27476.05,
1646573334,throughput,10503.616666666667,
1646573349,throughput,20521.55,
1646573364,throughput,30489.199999999997,
1646573379,throughput,40558.05,
1646573394,throughput,40019.35,
1646573409,throughput,40050.16666666667,
1646573424,throughput,40205.649999999994,
1646573439,throughput,40214.83333333333,
1646573454,throughput,40353.16666666667,
1646573469,throughput,40725.26666666666,
1646573484,throughput,40946.8,
1646573499,throughput,41275.28333333333,
1646573529,throughput,16373.216666666667,
1646573544,throughput,28075.233333333334,
1646573559,throughput,39048.78333333333,
1646573574,throughput,50005.11666666667,
1646573589,throughput,45151.083333333336,
1646573604,throughput,45215.416666666664,
1646573619,throughput,45930.61666666667,
1646573634,throughput,46743.55,
1646573649,throughput,47650.21666666667,
1646573664,throughput,48563.11666666667,
1646573679,throughput,49553.61666666667,
1646573694,throughput,50463.6,
1646573709,throughput,51553.183333333334,
1646573724,throughput,52691.7,
1646573739,throughput,53833.683333333334,
1646573754,throughput,54973.916666666664,
1646573769,throughput,56166.13333333333,
1646573784,throughput,57441.433333333334,
1646573799,throughput,58786.65,
1646573814,throughput,60120.03333333333,
1646573829,throughput,61540.61666666667,
1646573844,throughput,63077.666666666664,
1646573859,throughput,64641.03333333333,
1646573874,throughput,66039.63333333333,
1646573889,throughput,67578.28333333334,
1646573904,throughput,69241.75,
1646573919,throughput,70726.25,
1646573934,throughput,72422.81666666667,
1646573949,throughput,10306.716666666667,
1646573964,throughput,23685.7,
1646573979,throughput,43845.816666666666,
1646573994,throughput,69718.4,
1646574009,throughput,84867.95,
1646574024,throughput,97734.61666666667,
1646574039,throughput,101131.85,
1646574054,throughput,97055.45,
1646574069,throughput,94906.04999999999,
1646574084,throughput,92408,
1646574099,throughput,92887.36666666667,
1646574114,throughput,94684.96666666667,
1646574129,throughput,96746.48333333334,
1646574144,throughput,98738.81666666667,
1646574159,throughput,100416.25,
1646574174,throughput,102930.76666666666,
1646574189,throughput,104821.85,
1646574204,throughput,107041.03333333333,
1646574219,throughput,109206.6,
1646574234,throughput,111012.43333333333,
1646574249,throughput,113090.2,
1646574264,throughput,115159.93333333333,
1646574279,throughput,117274.06666666667,
1646574294,throughput,119414.04999999999,
1646574309,throughput,121301.76666666666,
1646574324,throughput,123507.53333333333,
1646574339,throughput,125623.1,
1646574354,throughput,127675.54999999999,
1646574369,throughput,129788.6,
1646574384,throughput,131780,
1646574399,throughput,133873.66666666666,
1646574414,throughput,135892.7,
1646574429,throughput,138094.61666666664,
1646574444,throughput,140090.15000000002,
1646574459,throughput,142039.5,
1646574474,throughput,72860.73333333334,
1646574489,throughput,20138.63333333333,
1646574504,throughput,51763.76666666666,
1646574519,throughput,87578.88333333333,
1646574534,throughput,127586.29999999999,
1646574549,throughput,12652.883333333333,
1646574564,throughput,50361.433333333334,
1646574579,throughput,92399.70000000001,
1646574594,throughput,144865.38333333333,
1646574609,throughput,177811.59999999998,
1646574624,throughput,185124.85,
1646574639,throughput,188868.0833333333,
1646574654,throughput,182279.96666666667,
1646574669,throughput,179975.91666666666,
1646574684,throughput,178386.21666666667,
1646574699,throughput,176086.4,
1646574714,throughput,173506.73333333334,
1646574729,throughput,174446.36666666667,
1646574744,throughput,176310.01666666666,
1646574759,throughput,177354.1333333333,
1646574774,throughput,179155.36666666667,
1646574789,throughput,180676.63333333333,
1646574804,throughput,181401.71666666667,
1646574819,throughput,182891.73333333334,
1646574834,throughput,184290.03333333333,
1646574849,throughput,184718.88333333333,
1646574864,throughput,186600.31666666665,
1646574879,throughput,188039.98333333334,
1646574894,throughput,188790.5,
1646574909,throughput,190513.35,
1646574924,throughput,190912.56666666665,
1646574939,throughput,191760.68333333335,
1646574954,throughput,192739.23333333334,
1646574969,throughput,193573.55,
1646574984,throughput,194126.95,
1646574999,throughput,195071.7,
1646575014,throughput,195758.1,
1646575029,throughput,196449.05000000002,
1646575044,throughput,197143.48333333334,
1646575059,throughput,197514.11666666667,
1646575074,throughput,198137.46666666667,
1646575089,throughput,198483.4,
1646575104,throughput,198637.84999999998,
1646575119,throughput,198665.13333333333,
1646575134,throughput,199314.73333333334,
1646575149,throughput,199690.76666666666,
1646575164,throughput,199981.0833333333,
1646575179,throughput,200463.36666666667,
1646575194,throughput,200045.84999999998,
1646575209,throughput,199524.3,
1646575224,throughput,199683.13333333333,
1646575239,throughput,199718.46666666667,
1646575254,throughput,199740.11666666667,
1646575269,throughput,199919.96666666665,
1646575284,throughput,199374.48333333334,
1646575299,throughput,198504.35,
1646575314,throughput,198303.71666666667,
1646575329,throughput,197702.06666666665,
1646575344,throughput,197220.75,
1646575359,throughput,196998.58333333334,
1646575374,throughput,196290.5,
1646575389,throughput,195670.03333333333,
1646575404,throughput,194861.23333333334,
1646575419,throughput,194066.23333333334,
1646575434,throughput,193580.11666666667,
1646575449,throughput,192506.28333333333,
1646575464,throughput,191603.56666666668,
1646575479,throughput,190709.53333333335,
1646575494,throughput,189675.80000000002,
1646575509,throughput,188707.26666666666,
1646575524,throughput,187330.28333333333,
1646575539,throughput,186173.43333333332,
1646575554,throughput,185120.3833333333,
1646575569,throughput,183998.31666666668,
1646575584,throughput,182544.46666666667,
1646575599,throughput,181388.06666666668,
1646575614,throughput,179930.46666666667,
1646575629,throughput,178370.4,
1646575644,throughput,177128.3833333333,
1646575659,throughput,175521.53333333333,
1646575674,throughput,173861.73333333334,
1646575689,throughput,172517.61666666667,
1646575704,throughput,170884.03333333333,
1646575719,throughput,169192.6166666667,
1646575734,throughput,167809.51666666666,
1646575749,throughput,166002.83333333334,
1646575764,throughput,164236.68333333332,
1646575779,throughput,162535.31666666665,
1646575794,throughput,160516.78333333333,
1646575809,throughput,158563.80000000002,
1646575824,throughput,156782.43333333335,
1646575839,throughput,154884.44999999998,
1646575854,throughput,153328.75,
1646575869,throughput,151413.28333333333,
1646575884,throughput,149374.76666666666,
1646575899,throughput,147408.95,
1646575914,throughput,145528.38333333333,
1646575929,throughput,143391.31666666665,
1646575944,throughput,141432.56666666665,
1646575959,throughput,139285.59999999998,
1646575974,throughput,137255.48333333334,
1646575989,throughput,135261.65,
1646576004,throughput,133209.3,
1646576019,throughput,131154.96666666667,
1646576034,throughput,128886.34999999999,
1646576049,throughput,127015.98333333334,
1646576064,throughput,124762.80000000002,
1646576079,throughput,122890.85,
1646576094,throughput,0,
1646576109,throughput,42518.36666666667,
1646576124,throughput,72676.58333333334,
1646576139,throughput,100619.1,
1646576154,throughput,128495.41666666666,
1646576169,throughput,112534.78333333335,
1646576184,throughput,108373.5,
1646576199,throughput,106247.54999999999,
1646576214,throughput,104146.7,
1646576229,throughput,102130.00000000001,
1646576244,throughput,100024.63333333333,
1646576259,throughput,98007.41666666667,
1646576274,throughput,96095.40000000001,
1646576289,throughput,94056.15,
1646576304,throughput,92083.88333333333,
1646576319,throughput,90131.05,
1646576334,throughput,88067.75,
1646576349,throughput,86229.26666666666,
1646576364,throughput,84364.4,
1646576379,throughput,82429.04999999999,
1646576394,throughput,80672.86666666667,
1646576409,throughput,78891.31666666667,
1646576424,throughput,76959.81666666667,
1646576439,throughput,75322.76666666666,
1646576454,throughput,73586.68333333333,
1646576469,throughput,71790.6,
1646576484,throughput,70357.35,
1646576499,throughput,68680.36666666667,
1646576514,throughput,66908.18333333333,
1646576529,throughput,65507.76666666666,
1646576544,throughput,63885.23333333334,
1646576559,throughput,62379.5,
1646576574,throughput,61019.76666666666,
1646576589,throughput,59550.13333333334,
1646576604,throughput,58364.1,
1646576619,throughput,57129.066666666666,
1646576634,throughput,55685.299999999996,
1646576649,throughput,54525.46666666666,
1646576664,throughput,53326.066666666666,
1646576679,throughput,52151.73333333334,
1646576694,throughput,51081.71666666666,
1646576709,throughput,50093.35,
1646576724,throughput,49122.183333333334,
1646576739,throughput,48191.816666666666,
1646576754,throughput,47191.1,
1646576769,throughput,46408.05,
1646576784,throughput,45694.183333333334,
1646576799,throughput,15124.65,
1646576814,throughput,19020.833333333336,
1646576829,throughput,29611.316666666666,
1646576844,throughput,40048,
1646576859,throughput,50434.45,
1646576874,throughput,41887.01666666666,
1646576889,throughput,41477.51666666666,
1646576904,throughput,41166.433333333334,
1646576919,throughput,40884.95,
1646576934,throughput,40512.600000000006,
1646576949,throughput,40387.01666666666,
1646576964,throughput,40262.41666666667,
1646576979,throughput,40157.45,
1646576994,throughput,39992.416666666664,
1646577009,throughput,4341.016666666666,
1646577024,throughput,21523.183333333334,
1646577039,throughput,31632.683333333334,
1646577054,throughput,41742.183333333334,
1646577069,throughput,47750.833333333336,
1646577084,throughput,40912.15,
1646577099,throughput,41245.38333333333,
1646577114,throughput,41549.75,
1646577129,throughput,42140.01666666667,
1646577144,throughput,42780.55,
1646577159,throughput,43316.566666666666,
1646577174,throughput,43880.63333333333,
1646577189,throughput,44470.45,
1646577204,throughput,45215.433333333334,
1646577219,throughput,45941.066666666666,
1646577234,throughput,46711.21666666667,
1646577249,throughput,47570.48333333333,
1646577264,throughput,48561.066666666666,
1646577279,throughput,49527.933333333334,
1646577294,throughput,50469.13333333333,
1646577309,throughput,51563.48333333333,
1646577324,throughput,52616.916666666664,
1646577339,throughput,53843.71666666667,
1646577354,throughput,54866,
1646577369,throughput,56071.45,
1646577384,throughput,57546.73333333333,
1646577399,throughput,58738.166666666664,
1646577414,throughput,60147.86666666667,
1646577429,throughput,61380.65,
1646577444,throughput,62846.583333333336,
1646577459,throughput,64469.75,
1646577474,throughput,65969.23333333334,
1646577489,throughput,67677.61666666667,
1646577504,throughput,69141.55,
1646577519,throughput,70711.03333333334,
1646577534,throughput,7658.466666666666,
1646577549,throughput,18837.15,
1646577564,throughput,35439.1,
1646577579,throughput,59145.91666666667,
1646577594,throughput,74415.88333333333,
1646577609,throughput,89410.08333333334,
1646577624,throughput,98254.75,
1646577639,throughput,96575.71666666666,
1646577654,throughput,96618.2,
1646577669,throughput,93111.55,
1646577684,throughput,91924.96666666667,
1646577699,throughput,93488.88333333333,
1646577714,throughput,94394.83333333333,
1646577729,throughput,96990.1,
1646577744,throughput,98353.1,
1646577759,throughput,100511.31666666667,
1646577774,throughput,101944.4,
1646577789,throughput,104319.1,
1646577804,throughput,106447.63333333333,
1646577819,throughput,108523.23333333334,
1646577834,throughput,111320.9,
1646577849,throughput,112945.18333333333,
1646577864,throughput,114756.15,
1646577879,throughput,115931.36666666667,
1646577894,throughput,119330.08333333334,
1646577909,throughput,120967.46666666667,
1646577924,throughput,8143.65,
1646577939,throughput,39955.566666666666,
1646577954,throughput,69515.01666666666,
1646577969,throughput,102155.85,
1646577984,throughput,132221.95,
1646577999,throughput,139579.38333333336,
1646578014,throughput,148037.38333333333,
1646578029,throughput,153128.61666666667,
1646578044,throughput,156195.63333333333,
1646578059,throughput,158648.65,
1646578074,throughput,156794.75,
1646578089,throughput,156390.38333333333,
1646578104,throughput,153073.3,
1646578119,throughput,149609.53333333333,
1646578134,throughput,151803.28333333333,
1646578149,throughput,153843,
1646578164,throughput,155246.69999999998,
1646578179,throughput,157527.16666666666,
1646578194,throughput,159303.18333333335,
1646578209,throughput,160979.08333333334,
1646578224,throughput,163310.93333333332,
1646578239,throughput,164467.01666666666,
1646578254,throughput,166058.23333333334,
1646578269,throughput,167370.28333333333,
1646578284,throughput,169617.35,
1646578299,throughput,171375.6,
1646578314,throughput,173150.4166666667,
1646578329,throughput,174510.63333333333,
1646578344,throughput,175828.01666666666,
1646578359,throughput,177275.15000000002,
1646578374,throughput,178587.28333333333,
1646578389,throughput,180487.55,
1646578404,throughput,181522.1,
1646578419,throughput,183037.55,
1646578434,throughput,184330.13333333333,
1646578449,throughput,185491.09999999998,
1646578464,throughput,186582.9166666667,
1646578479,throughput,187789.06666666668,
1646578494,throughput,188604.5833333333,
1646578509,throughput,11323.75,
1646578524,throughput,66559.43333333333,
1646578539,throughput,115000.76666666666,
1646578554,throughput,164010.46666666667,
1646578569,throughput,203208.05,
1646578584,throughput,198620.86666666667,
1646578599,throughput,200225.85,
1646578614,throughput,202575.46666666667,
1646578629,throughput,203944.91666666666,
1646578644,throughput,206614.85,
1646578659,throughput,207963.65,
1646578674,throughput,208645.61666666667,
1646578689,throughput,210115.28333333335,
1646578704,throughput,211350.5833333333,
1646578719,throughput,213987.3,
1646578734,throughput,210990.33333333334,
1646578749,throughput,208422.21666666667,
1646578764,throughput,203518.85,
1646578779,throughput,199442.51666666666,
1646578794,throughput,200836,
1646578809,throughput,199406.03333333335,
1646578824,throughput,200037.36666666664,
1646578839,throughput,199583.4166666667,
1646578854,throughput,199734.5833333333,
1646578869,throughput,200142.51666666666,
1646578884,throughput,199155.01666666666,
1646578899,throughput,199157.4166666667,
1646578914,throughput,198308.6666666667,
1646578929,throughput,197641.48333333334,
1646578944,throughput,197201.95,
1646578959,throughput,197246.56666666668,
1646578974,throughput,196225.43333333332,
1646578989,throughput,195896.53333333333,
1646579004,throughput,195389.91666666666,
1646579019,throughput,193688.28333333333,
1646579034,throughput,193286.24999999997,
1646579049,throughput,191776.30000000002,
1646579064,throughput,191135.84999999998,
1646579079,throughput,191037.56666666668,
1646579094,throughput,189649.21666666665,
1646579109,throughput,188665.73333333334,
1646579124,throughput,187798.85,
1646579139,throughput,186076.5833333333,
1646579154,throughput,185138.15,
1646579169,throughput,184469.15000000002,
1646579184,throughput,182553.16666666666,
1646579199,throughput,181031.51666666666,
1646579214,throughput,179973.13333333333,
1646579229,throughput,178163,
1646579244,throughput,176732.24999999997,
1646579259,throughput,175466.4166666667,
1646579274,throughput,174012.65,
1646579289,throughput,172579.75,
1646579304,throughput,171102.65,
1646579319,throughput,169214.38333333333,
1646579334,throughput,167603.75,
1646579349,throughput,165679.56666666665,
1646579364,throughput,163510.96666666667,
1646579379,throughput,162382.81666666665,
1646579394,throughput,160411.38333333333,
1646579409,throughput,132499.06666666668,
1646579424,throughput,92897.90000000001,
1646579439,throughput,52936.85,
1646579454,throughput,13298.966666666667,
1646579469,throughput,1013.2,
1646579484,throughput,1036.7833333333333,
1646579499,throughput,970.3000000000001,
1646579514,throughput,993.7166666666667,
1646579529,throughput,963.4000000000001,
1646579544,throughput,973.3499999999999,
1646579559,throughput,1032.65,
1646579574,throughput,1013.75,
1646579589,throughput,1025.0833333333333,
1646579604,throughput,1020.2499999999999,
1646579619,throughput,996.4833333333333,
1646579634,throughput,973.35,
1646579649,throughput,1006.0166666666667,
1646579664,throughput,989.5666666666666,
1646579679,throughput,1007.1833333333334,
1646579694,throughput,1011.5833333333334,
1646579709,throughput,999.3666666666667,
1646579724,throughput,1002.0333333333333,
1646579739,throughput,987.1500000000001,
1646579754,throughput,0,
1646579769,throughput,416.4666666666667,
1646579784,throughput,681.4166666666667,
1646579799,throughput,929.7833333333333,
1646579814,throughput,0,
1646579829,throughput,383.3333333333333,
1646579844,throughput,633.3333333333334,
1646579859,throughput,883.3333333333334,
1646579874,throughput,1133.3333333333333,
1646579889,throughput,1000,
1646579904,throughput,1000,
1646579919,throughput,1000,
1646579934,throughput,1000,
1646579949,throughput,1000,
1646579964,throughput,1000,
1646579979,throughput,1000,
1646579994,throughput,1000,
1646580009,throughput,1000,
1646580024,throughput,1000,
1646580039,throughput,1000,
1646580054,throughput,1000,
1646580069,throughput,1000,
1646580084,throughput,1000,
1646580099,throughput,1000,
1646580114,throughput,1000,
1646580129,throughput,1000,
1646580144,throughput,1000,
1646580159,throughput,1000,
1646580174,throughput,1000,
1646580189,throughput,1000,
1646580204,throughput,1000,
1646580219,throughput,1000,
1646580234,throughput,1000,
1646580249,throughput,1000,
1646580264,throughput,1000,
1646580279,throughput,1000,
1646580294,throughput,1000,
1646580309,throughput,1000,
1646580324,throughput,1000,
1646580339,throughput,1000,
1646580354,throughput,1000,
1646580369,throughput,1000,
1646580384,throughput,1000,
1646580399,throughput,1000,
1646580414,throughput,1000,
1646580429,throughput,1000,
1646580444,throughput,1000,
1646580459,throughput,1000,
1646580474,throughput,1000,
1646580489,throughput,1000,
1646580504,throughput,1000,
1646580519,throughput,1000,
1646580534,throughput,1000,
1646580549,throughput,866.6666666666666,
1646580564,throughput,616.6666666666666,
1646580579,throughput,366.6666666666667,
1646580594,throughput,116.66666666666667,
1646580609,throughput,0,
1646580624,throughput,0,
1646580639,throughput,0,
1646580654,throughput,0,
1646580669,throughput,0,
1646580684,throughput,0,
1646580699,throughput,0,
1646580714,throughput,0,
1646580729,throughput,0,
1646580744,throughput,0,
1646580759,throughput,0,
1646580774,throughput,0,
1646580789,throughput,0,
1646580804,throughput,0,
1646580819,throughput,0,
1646580834,throughput,0,
1646580849,throughput,0,
1646580864,throughput,0,
1646580879,throughput,0,
1646580894,throughput,0,
1646580909,throughput,0,
1646580924,throughput,0,
1646580939,throughput,0,
1646580954,throughput,0,
1646580969,throughput,0,
1646580984,throughput,0,
1646580999,throughput,0,
1646581014,throughput,0,
1646581029,throughput,0,
1646581044,throughput,0,
1646581059,throughput,0,
1646581074,throughput,0,
1646581089,throughput,0,
1646581104,throughput,0,
1646581119,throughput,0,
1646581134,throughput,0,
1646581149,throughput,0,
1646581164,throughput,0,
1646581179,throughput,0,
1646581194,throughput,0,
1646581209,throughput,0,
1646581224,throughput,0,
1646581239,throughput,0,
1646581254,throughput,0,
1646581269,throughput,0,
1646581284,throughput,0,
1646581299,throughput,0,
1646581314,throughput,0,
1646581329,throughput,0,
1646581344,throughput,0,
1646581359,throughput,0,
1646581374,throughput,0,
1646581389,throughput,0,
1646581404,throughput,0,
1646581419,throughput,0,
1646581434,throughput,0,
1646581449,throughput,0,
1646581464,throughput,0,
1646581479,throughput,0,
1646581494,throughput,0,
1646581509,throughput,0,
1646581524,throughput,0,
1646581539,throughput,0,
1646581554,throughput,0,
1646581569,throughput,0,
1646581584,throughput,0,
1646581599,throughput,0,
1646581614,throughput,0,
1646581629,throughput,0,
1646581644,throughput,0,
1646581659,throughput,0,
1646581674,throughput,0,
1646581689,throughput,0,
1646581704,throughput,0,
1646581719,throughput,0,
1646581734,throughput,0,
1646581749,throughput,0,
1646581764,throughput,0,
1646581779,throughput,15817.683333333332,
1646581794,throughput,35131.01666666667,
1646581809,throughput,53840.183333333334,
1646581824,throughput,72873.2,
1646581839,throughput,12152.4,
1646581854,throughput,36477.183333333334,
1646581869,throughput,67611.4,
1646581884,throughput,68699.16666666667,
1646581899,throughput,22072.533333333333,
1646581914,throughput,60195.45,
1646581929,throughput,101889.86666666667,
1646581944,throughput,148609.76666666666,
1646581959,throughput,177902.0833333333,
1646581974,throughput,5971.966666666666,
1646581989,throughput,57242.4,
1646582004,throughput,106077.43333333332,
1646582019,throughput,162492.73333333334,
1646582034,throughput,0,
1646582049,throughput,55157.649999999994,
1646582064,throughput,117184.65,
1646582079,throughput,177226.81666666665,
1646582094,throughput,0,
1646582109,throughput,61944.28333333332,
1646582124,throughput,118849.28333333334,
1646582139,throughput,174213.61666666667,
1646582154,throughput,228197.11666666667,
1646582169,throughput,216345.78333333333,
1646582184,throughput,199569.44999999998,
1646582199,throughput,184226.75,
1646582214,throughput,170512.61666666667,
1646582229,throughput,160362.6666666667,
1646582244,throughput,159990.75,
1646582259,throughput,160009.19999999998,
1646582274,throughput,159667.68333333335,
1646582289,throughput,159708.86666666667,
1646582304,throughput,159768.25,
1646582319,throughput,160169.35000000003,
1646582334,throughput,160121.38333333333,
1646582349,throughput,160002.8,
1646582364,throughput,160333.26666666666,
1646582379,throughput,159840.68333333332,
1646582394,throughput,159859.26666666663,
1646582409,throughput,160073.06666666665,
1646582424,throughput,159741.4,
1646582439,throughput,157675.71666666667,
1646582454,throughput,156181.3666666667,
1646582469,throughput,154213.21666666667,
1646582484,throughput,151999.86666666667,
1646582499,throughput,150608.6333333333,
1646582514,throughput,0,
1646571474,,0,Source:_Bids_Source
1646571489,,0,Source:_Bids_Source
1646571504,,0,Source:_Bids_Source
1646571519,,0,Source:_Bids_Source
1646571534,,0,Source:_Bids_Source
1646571549,,8302.483333333334,Source:_Bids_Source
1646571564,,41593.5,Source:_Bids_Source
1646571579,,95844.68333333332,Source:_Bids_Source
1646571594,,144430.13333333333,Source:_Bids_Source
1646571609,,176174.35,Source:_Bids_Source
1646571624,,182799.56666666668,Source:_Bids_Source
1646571639,,35451.433333333334,Source:_Bids_Source
1646571654,,79963.96666666667,Source:_Bids_Source
1646571669,,121458.26666666666,Source:_Bids_Source
1646571684,,22925.449999999997,Source:_Bids_Source
1646571699,,69298.18333333333,Source:_Bids_Source
1646571714,,109688.63333333333,Source:_Bids_Source
1646571729,,155914.38333333333,Source:_Bids_Source
1646571744,,177029.88333333333,Source:_Bids_Source
1646571759,,170707.19999999998,Source:_Bids_Source
1646571774,,170426.31666666668,Source:_Bids_Source
1646571789,,164184.56666666665,Source:_Bids_Source
1646571804,,160118.53333333335,Source:_Bids_Source
1646571819,,160035,Source:_Bids_Source
1646571834,,159938.4833333333,Source:_Bids_Source
1646571849,,159945.18333333335,Source:_Bids_Source
1646571864,,159947.16666666666,Source:_Bids_Source
1646571879,,160098.21666666665,Source:_Bids_Source
1646571894,,159986.96666666665,Source:_Bids_Source
1646571909,,160070.2,Source:_Bids_Source
1646571924,,160071.85,Source:_Bids_Source
1646571939,,160023.46666666665,Source:_Bids_Source
1646571954,,160070.93333333332,Source:_Bids_Source
1646571969,,160006.93333333335,Source:_Bids_Source
1646571984,,160028.53333333333,Source:_Bids_Source
1646571999,,159939.7333333333,Source:_Bids_Source
1646572014,,159964.71666666667,Source:_Bids_Source
1646572029,,140352.56666666665,Source:_Bids_Source
1646572044,,41516.299999999996,Source:_Bids_Source
1646572059,,72066.8,Source:_Bids_Source
1646572074,,27677.11666666667,Source:_Bids_Source
1646572089,,106724.41666666666,Source:_Bids_Source
1646572104,,146654.03333333335,Source:_Bids_Source
1646572119,,186766.81666666668,Source:_Bids_Source
1646572134,,198844.58333333334,Source:_Bids_Source
1646572149,,160086.71666666665,Source:_Bids_Source
1646572164,,160073.43333333335,Source:_Bids_Source
1646572179,,159888.61666666667,Source:_Bids_Source
1646572194,,160334.46666666667,Source:_Bids_Source
1646572209,,158786.73333333334,Source:_Bids_Source
1646572224,,156953.8,Source:_Bids_Source
1646572239,,90906.8,Source:_Bids_Source
1646572254,,54218.05,Source:_Bids_Source
1646572269,,92743.01666666666,Source:_Bids_Source
1646572284,,128694.33333333331,Source:_Bids_Source
1646572299,,164880.28333333333,Source:_Bids_Source
1646572314,,146996.96666666667,Source:_Bids_Source
1646572329,,143279.98333333334,Source:_Bids_Source
1646572344,,141685.35,Source:_Bids_Source
1646572359,,139671.68333333335,Source:_Bids_Source
1646572374,,137281.88333333333,Source:_Bids_Source
1646572389,,135509.13333333336,Source:_Bids_Source
1646572404,,133154.21666666667,Source:_Bids_Source
1646572419,,131093.81666666665,Source:_Bids_Source
1646572434,,129048.91666666666,Source:_Bids_Source
1646572449,,126927.5,Source:_Bids_Source
1646572464,,124937.16666666666,Source:_Bids_Source
1646572479,,122919.93333333333,Source:_Bids_Source
1646572494,,120658.71666666666,Source:_Bids_Source
1646572509,,118559.81666666665,Source:_Bids_Source
1646572524,,116551.98333333334,Source:_Bids_Source
1646572539,,114321.03333333333,Source:_Bids_Source
1646572554,,112366.35,Source:_Bids_Source
1646572569,,110194.31666666667,Source:_Bids_Source
1646572584,,54381.88333333333,Source:_Bids_Source
1646572599,,40425.83333333333,Source:_Bids_Source
1646572614,,69336.41666666667,Source:_Bids_Source
1646572629,,93762.5,Source:_Bids_Source
1646572644,,117547.36666666667,Source:_Bids_Source
1646572659,,100797.11666666667,Source:_Bids_Source
1646572674,,95940.33333333333,Source:_Bids_Source
1646572689,,93780.95,Source:_Bids_Source
1646572704,,91891.76666666666,Source:_Bids_Source
1646572719,,90142.45,Source:_Bids_Source
1646572734,,87866.79999999999,Source:_Bids_Source
1646572749,,85970.45000000001,Source:_Bids_Source
1646572764,,84202.85,Source:_Bids_Source
1646572779,,82169.76666666666,Source:_Bids_Source
1646572794,,80306.31666666667,Source:_Bids_Source
1646572809,,78695.83333333333,Source:_Bids_Source
1646572824,,76821.06666666667,Source:_Bids_Source
1646572839,,75242.25,Source:_Bids_Source
1646572854,,73565.36666666667,Source:_Bids_Source
1646572869,,71824.71666666667,Source:_Bids_Source
1646572884,,70344.66666666667,Source:_Bids_Source
1646572899,,68403.66666666666,Source:_Bids_Source
1646572914,,66909.83333333334,Source:_Bids_Source
1646572929,,65303.649999999994,Source:_Bids_Source
1646572944,,63856.66666666667,Source:_Bids_Source
1646572959,,62584.11666666666,Source:_Bids_Source
1646572974,,60853.36666666666,Source:_Bids_Source
1646572989,,59642.11666666667,Source:_Bids_Source
1646573004,,58175.3,Source:_Bids_Source
1646573019,,56973.78333333334,Source:_Bids_Source
1646573034,,55528.7,Source:_Bids_Source
1646573049,,54408.88333333333,Source:_Bids_Source
1646573064,,53309.25,Source:_Bids_Source
1646573079,,52180.65,Source:_Bids_Source
1646573094,,51093.49999999999,Source:_Bids_Source
1646573109,,50043.25,Source:_Bids_Source
1646573124,,49032.466666666674,Source:_Bids_Source
1646573139,,47988.433333333334,Source:_Bids_Source
1646573154,,47244.566666666666,Source:_Bids_Source
1646573169,,46298.01666666666,Source:_Bids_Source
1646573184,,45511.58333333333,Source:_Bids_Source
1646573199,,44799.76666666666,Source:_Bids_Source
1646573214,,44038.816666666666,Source:_Bids_Source
1646573229,,43505.96666666667,Source:_Bids_Source
1646573244,,42869.11666666667,Source:_Bids_Source
1646573259,,42494.35,Source:_Bids_Source
1646573274,,41812.61666666667,Source:_Bids_Source
1646573289,,41462.48333333334,Source:_Bids_Source
1646573304,,41296.5,Source:_Bids_Source
1646573319,,27476.05,Source:_Bids_Source
1646573334,,10503.616666666667,Source:_Bids_Source
1646573349,,20521.55,Source:_Bids_Source
1646573364,,30489.199999999997,Source:_Bids_Source
1646573379,,40558.05,Source:_Bids_Source
1646573394,,40019.35,Source:_Bids_Source
1646573409,,40050.16666666667,Source:_Bids_Source
1646573424,,40205.649999999994,Source:_Bids_Source
1646573439,,40214.83333333333,Source:_Bids_Source
1646573454,,40353.16666666667,Source:_Bids_Source
1646573469,,40725.26666666666,Source:_Bids_Source
1646573484,,40946.8,Source:_Bids_Source
1646573499,,41275.28333333333,Source:_Bids_Source
1646573529,,16393.733333333334,Source:_Bids_Source
1646573544,,28075.233333333334,Source:_Bids_Source
1646573559,,39048.78333333333,Source:_Bids_Source
1646573574,,50005.11666666667,Source:_Bids_Source
1646573589,,45130.566666666666,Source:_Bids_Source
1646573604,,45215.416666666664,Source:_Bids_Source
1646573619,,45930.61666666667,Source:_Bids_Source
1646573634,,46743.55,Source:_Bids_Source
1646573649,,47650.21666666667,Source:_Bids_Source
1646573664,,48563.11666666667,Source:_Bids_Source
1646573679,,49553.61666666667,Source:_Bids_Source
1646573694,,50463.6,Source:_Bids_Source
1646573709,,51553.183333333334,Source:_Bids_Source
1646573724,,52693.433333333334,Source:_Bids_Source
1646573739,,53833.683333333334,Source:_Bids_Source
1646573754,,54973.916666666664,Source:_Bids_Source
1646573769,,56178.48333333333,Source:_Bids_Source
1646573784,,57446.03333333333,Source:_Bids_Source
1646573799,,58825.816666666666,Source:_Bids_Source
1646573814,,60127.21666666667,Source:_Bids_Source
1646573829,,61528.28333333333,Source:_Bids_Source
1646573844,,63087.15,Source:_Bids_Source
1646573859,,64635.63333333333,Source:_Bids_Source
1646573874,,66043.06666666667,Source:_Bids_Source
1646573889,,67598.31666666667,Source:_Bids_Source
1646573904,,69231.28333333334,Source:_Bids_Source
1646573919,,70698.48333333334,Source:_Bids_Source
1646573934,,72416.26666666666,Source:_Bids_Source
1646573949,,10306.733333333334,Source:_Bids_Source
1646573964,,23701.466666666667,Source:_Bids_Source
1646573979,,43851.25,Source:_Bids_Source
1646573994,,69724.38333333333,Source:_Bids_Source
1646574009,,84878.25,Source:_Bids_Source
1646574024,,97749.73333333334,Source:_Bids_Source
1646574039,,101144.29999999999,Source:_Bids_Source
1646574054,,97060.41666666666,Source:_Bids_Source
1646574069,,94899.21666666667,Source:_Bids_Source
1646574084,,92390.15,Source:_Bids_Source
1646574099,,92873.98333333334,Source:_Bids_Source
1646574114,,94699.73333333334,Source:_Bids_Source
1646574129,,96749.78333333333,Source:_Bids_Source
1646574144,,98734.5,Source:_Bids_Source
1646574159,,100416.21666666666,Source:_Bids_Source
1646574174,,102916.25,Source:_Bids_Source
1646574189,,104821.28333333333,Source:_Bids_Source
1646574204,,107037.91666666666,Source:_Bids_Source
1646574219,,109229.1,Source:_Bids_Source
1646574234,,111020.95,Source:_Bids_Source
1646574249,,113088.88333333333,Source:_Bids_Source
1646574264,,115159.23333333334,Source:_Bids_Source
1646574279,,117276.68333333333,Source:_Bids_Source
1646574294,,119426.91666666667,Source:_Bids_Source
1646574309,,121347.91666666667,Source:_Bids_Source
1646574324,,123531.25,Source:_Bids_Source
1646574339,,125616.1,Source:_Bids_Source
1646574354,,127668.54999999999,Source:_Bids_Source
1646574369,,129755.86666666667,Source:_Bids_Source
1646574384,,131773.0833333333,Source:_Bids_Source
1646574399,,133880.83333333334,Source:_Bids_Source
1646574414,,135908.2,Source:_Bids_Source
1646574429,,138103.4166666667,Source:_Bids_Source
1646574444,,140100.90000000002,Source:_Bids_Source
1646574459,,142019.9166666667,Source:_Bids_Source
1646574474,,72872.98333333334,Source:_Bids_Source
1646574489,,20163.7,Source:_Bids_Source
1646574504,,51783.683333333334,Source:_Bids_Source
1646574519,,87615.63333333333,Source:_Bids_Source
1646574534,,127613.33333333334,Source:_Bids_Source
1646574549,,12663.766666666666,Source:_Bids_Source
1646574564,,50415,Source:_Bids_Source
1646574579,,92452.45000000001,Source:_Bids_Source
1646574594,,144924.53333333333,Source:_Bids_Source
1646574609,,177839.3,Source:_Bids_Source
1646574624,,185098.75,Source:_Bids_Source
1646574639,,188848.83333333334,Source:_Bids_Source
1646574654,,182266.86666666664,Source:_Bids_Source
1646574669,,180006.8,Source:_Bids_Source
1646574684,,178373.9166666667,Source:_Bids_Source
1646574699,,176097.51666666666,Source:_Bids_Source
1646574714,,173486.6,Source:_Bids_Source
1646574729,,174415.85,Source:_Bids_Source
1646574744,,176298.50000000003,Source:_Bids_Source
1646574759,,177325.2,Source:_Bids_Source
1646574774,,179132.4166666667,Source:_Bids_Source
1646574789,,180657.3,Source:_Bids_Source
1646574804,,181409.25,Source:_Bids_Source
1646574819,,182897.5,Source:_Bids_Source
1646574834,,184293.51666666666,Source:_Bids_Source
1646574849,,184706.81666666665,Source:_Bids_Source
1646574864,,186603.71666666667,Source:_Bids_Source
1646574879,,188034.01666666663,Source:_Bids_Source
1646574894,,188798.5833333333,Source:_Bids_Source
1646574909,,190515.78333333333,Source:_Bids_Source
1646574924,,190907.7333333333,Source:_Bids_Source
1646574939,,191767.05,Source:_Bids_Source
1646574954,,192735.6333333333,Source:_Bids_Source
1646574969,,193577.45,Source:_Bids_Source
1646574984,,194124.2,Source:_Bids_Source
1646574999,,195062.55,Source:_Bids_Source
1646575014,,195757.16666666666,Source:_Bids_Source
1646575029,,196468.01666666666,Source:_Bids_Source
1646575044,,197191.9,Source:_Bids_Source
1646575059,,197523.94999999998,Source:_Bids_Source
1646575074,,198151.75,Source:_Bids_Source
1646575089,,198501.3333333333,Source:_Bids_Source
1646575104,,198631.7,Source:_Bids_Source
1646575119,,198658.78333333333,Source:_Bids_Source
1646575134,,199310.15,Source:_Bids_Source
1646575149,,199657.58333333334,Source:_Bids_Source
1646575164,,199939.36666666667,Source:_Bids_Source
1646575179,,200461.13333333336,Source:_Bids_Source
1646575194,,200037.9,Source:_Bids_Source
1646575209,,199550.84999999998,Source:_Bids_Source
1646575224,,199720.33333333334,Source:_Bids_Source
1646575239,,199712.4,Source:_Bids_Source
1646575254,,199748.8,Source:_Bids_Source
1646575269,,199890.13333333333,Source:_Bids_Source
1646575284,,199334.31666666665,Source:_Bids_Source
1646575299,,198530.11666666667,Source:_Bids_Source
1646575314,,198299.01666666666,Source:_Bids_Source
1646575329,,197701.45,Source:_Bids_Source
1646575344,,197241.63333333333,Source:_Bids_Source
1646575359,,196975.61666666667,Source:_Bids_Source
1646575374,,196278.15,Source:_Bids_Source
1646575389,,195666.43333333335,Source:_Bids_Source
1646575404,,194852.53333333335,Source:_Bids_Source
1646575419,,194063.58333333334,Source:_Bids_Source
1646575434,,193584.15,Source:_Bids_Source
1646575449,,192523.16666666666,Source:_Bids_Source
1646575464,,191598.58333333334,Source:_Bids_Source
1646575479,,190714.43333333335,Source:_Bids_Source
1646575494,,189680.53333333335,Source:_Bids_Source
1646575509,,188712.36666666664,Source:_Bids_Source
1646575524,,187324.53333333335,Source:_Bids_Source
1646575539,,186165.06666666668,Source:_Bids_Source
1646575554,,185118.6166666667,Source:_Bids_Source
1646575569,,183980.56666666668,Source:_Bids_Source
1646575584,,182559.76666666666,Source:_Bids_Source
1646575599,,181415.93333333335,Source:_Bids_Source
1646575614,,179937.28333333333,Source:_Bids_Source
1646575629,,178363.94999999998,Source:_Bids_Source
1646575644,,177122.41666666666,Source:_Bids_Source
1646575659,,175507.41666666666,Source:_Bids_Source
1646575674,,173857.1,Source:_Bids_Source
1646575689,,172520.78333333333,Source:_Bids_Source
1646575704,,170887.75,Source:_Bids_Source
1646575719,,169189.65000000002,Source:_Bids_Source
1646575734,,167813.48333333334,Source:_Bids_Source
1646575749,,165996.88333333333,Source:_Bids_Source
1646575764,,164235.68333333332,Source:_Bids_Source
1646575779,,162524.05,Source:_Bids_Source
1646575794,,160509.93333333335,Source:_Bids_Source
1646575809,,158560.35,Source:_Bids_Source
1646575824,,156777.88333333333,Source:_Bids_Source
1646575839,,154886.9,Source:_Bids_Source
1646575854,,153325.63333333333,Source:_Bids_Source
1646575869,,151416.46666666667,Source:_Bids_Source
1646575884,,149364.65,Source:_Bids_Source
1646575899,,147408.16666666666,Source:_Bids_Source
1646575914,,145523.95,Source:_Bids_Source
1646575929,,143394.16666666666,Source:_Bids_Source
1646575944,,141439,Source:_Bids_Source
1646575959,,139285.94999999998,Source:_Bids_Source
1646575974,,137256.25,Source:_Bids_Source
1646575989,,135278.55,Source:_Bids_Source
1646576004,,133205.93333333335,Source:_Bids_Source
1646576019,,131150,Source:_Bids_Source
1646576034,,128888.48333333332,Source:_Bids_Source
1646576049,,126997.81666666668,Source:_Bids_Source
1646576064,,124761.28333333334,Source:_Bids_Source
1646576079,,122896.36666666667,Source:_Bids_Source
1646576094,,0,Source:_Bids_Source
1646576109,,42541.76666666667,Source:_Bids_Source
1646576124,,72686.8,Source:_Bids_Source
1646576139,,100628.53333333333,Source:_Bids_Source
1646576154,,128511.5,Source:_Bids_Source
1646576169,,112525.23333333334,Source:_Bids_Source
1646576184,,108377.5,Source:_Bids_Source
1646576199,,106254.15,Source:_Bids_Source
1646576214,,104146.51666666666,Source:_Bids_Source
1646576229,,102134.21666666667,Source:_Bids_Source
1646576244,,100031.96666666666,Source:_Bids_Source
1646576259,,98023.81666666667,Source:_Bids_Source
1646576274,,96089.65,Source:_Bids_Source
1646576289,,94041.13333333333,Source:_Bids_Source
1646576304,,92073.45,Source:_Bids_Source
1646576319,,90117.63333333333,Source:_Bids_Source
1646576334,,88082.56666666668,Source:_Bids_Source
1646576349,,86226.78333333334,Source:_Bids_Source
1646576364,,84362.15,Source:_Bids_Source
1646576379,,82412.66666666667,Source:_Bids_Source
1646576394,,80647.9,Source:_Bids_Source
1646576409,,78890.75,Source:_Bids_Source
1646576424,,76955.38333333333,Source:_Bids_Source
1646576439,,75320.13333333333,Source:_Bids_Source
1646576454,,73586.68333333333,Source:_Bids_Source
1646576469,,71790.6,Source:_Bids_Source
1646576484,,70352.91666666667,Source:_Bids_Source
1646576499,,68680.36666666667,Source:_Bids_Source
1646576514,,66908.18333333333,Source:_Bids_Source
1646576529,,65507.76666666666,Source:_Bids_Source
1646576544,,63885.23333333334,Source:_Bids_Source
1646576559,,62379.5,Source:_Bids_Source
1646576574,,61019.76666666666,Source:_Bids_Source
1646576589,,59550.13333333334,Source:_Bids_Source
1646576604,,58364.1,Source:_Bids_Source
1646576619,,57129.066666666666,Source:_Bids_Source
1646576634,,55685.299999999996,Source:_Bids_Source
1646576649,,54525.46666666666,Source:_Bids_Source
1646576664,,53326.066666666666,Source:_Bids_Source
1646576679,,52151.73333333334,Source:_Bids_Source
1646576694,,51081.71666666666,Source:_Bids_Source
1646576709,,50093.35,Source:_Bids_Source
1646576724,,49122.183333333334,Source:_Bids_Source
1646576739,,48191.816666666666,Source:_Bids_Source
1646576754,,47191.1,Source:_Bids_Source
1646576769,,46408.05,Source:_Bids_Source
1646576784,,45694.183333333334,Source:_Bids_Source
1646576799,,30025.35,Source:_Bids_Source
1646576814,,19020.833333333336,Source:_Bids_Source
1646576829,,29611.316666666666,Source:_Bids_Source
1646576844,,40048,Source:_Bids_Source
1646576859,,50434.45,Source:_Bids_Source
1646576874,,41887.01666666666,Source:_Bids_Source
1646576889,,41477.51666666666,Source:_Bids_Source
1646576904,,41166.433333333334,Source:_Bids_Source
1646576919,,40884.95,Source:_Bids_Source
1646576934,,40512.600000000006,Source:_Bids_Source
1646576949,,40387.01666666666,Source:_Bids_Source
1646576964,,40262.41666666667,Source:_Bids_Source
1646576979,,40157.45,Source:_Bids_Source
1646576994,,39992.416666666664,Source:_Bids_Source
1646577009,,4373.383333333333,Source:_Bids_Source
1646577024,,21523.183333333334,Source:_Bids_Source
1646577039,,31632.683333333334,Source:_Bids_Source
1646577054,,41742.183333333334,Source:_Bids_Source
1646577069,,47718.46666666667,Source:_Bids_Source
1646577084,,40912.15,Source:_Bids_Source
1646577099,,41245.38333333333,Source:_Bids_Source
1646577114,,41549.75,Source:_Bids_Source
1646577129,,42145.28333333333,Source:_Bids_Source
1646577144,,42780.55,Source:_Bids_Source
1646577159,,43316.566666666666,Source:_Bids_Source
1646577174,,43881.45,Source:_Bids_Source
1646577189,,44465.183333333334,Source:_Bids_Source
1646577204,,45215.433333333334,Source:_Bids_Source
1646577219,,45944.9,Source:_Bids_Source
1646577234,,46710.583333333336,Source:_Bids_Source
1646577249,,47593.833333333336,Source:_Bids_Source
1646577264,,48563.1,Source:_Bids_Source
1646577279,,49534.13333333333,Source:_Bids_Source
1646577294,,50468.95,Source:_Bids_Source
1646577309,,51553.9,Source:_Bids_Source
1646577324,,52658.15,Source:_Bids_Source
1646577339,,53833.683333333334,Source:_Bids_Source
1646577354,,54877.6,Source:_Bids_Source
1646577369,,56062.816666666666,Source:_Bids_Source
1646577384,,57513.03333333333,Source:_Bids_Source
1646577399,,58767.61666666667,Source:_Bids_Source
1646577414,,60141.933333333334,Source:_Bids_Source
1646577429,,61386.75,Source:_Bids_Source
1646577444,,62873.61666666667,Source:_Bids_Source
1646577459,,64482.05,Source:_Bids_Source
1646577474,,65969.06666666667,Source:_Bids_Source
1646577489,,67676.5,Source:_Bids_Source
1646577504,,69117.4,Source:_Bids_Source
1646577519,,70685.85,Source:_Bids_Source
1646577534,,7658.466666666666,Source:_Bids_Source
1646577549,,18841.216666666667,Source:_Bids_Source
1646577564,,35467.8,Source:_Bids_Source
1646577579,,59147.65,Source:_Bids_Source
1646577594,,74432.86666666667,Source:_Bids_Source
1646577609,,89455.83333333333,Source:_Bids_Source
1646577624,,98261.23333333334,Source:_Bids_Source
1646577639,,96589.4,Source:_Bids_Source
1646577654,,96633.23333333334,Source:_Bids_Source
1646577669,,93089.78333333333,Source:_Bids_Source
1646577684,,91950.68333333333,Source:_Bids_Source
1646577699,,93501.26666666666,Source:_Bids_Source
1646577714,,94371.75,Source:_Bids_Source
1646577729,,97000.38333333333,Source:_Bids_Source
1646577744,,98343.61666666667,Source:_Bids_Source
1646577759,,100523.68333333332,Source:_Bids_Source
1646577774,,102016.1,Source:_Bids_Source
1646577789,,104356.93333333333,Source:_Bids_Source
1646577804,,106413.33333333333,Source:_Bids_Source
1646577819,,108543.18333333333,Source:_Bids_Source
1646577834,,111290.3,Source:_Bids_Source
1646577849,,112924.51666666666,Source:_Bids_Source
1646577864,,114797.21666666667,Source:_Bids_Source
1646577879,,115924.41666666666,Source:_Bids_Source
1646577894,,119315.18333333333,Source:_Bids_Source
1646577909,,120981.58333333334,Source:_Bids_Source
1646577924,,8159.933333333333,Source:_Bids_Source
1646577939,,40019.049999999996,Source:_Bids_Source
1646577954,,69554.53333333333,Source:_Bids_Source
1646577969,,102212.01666666666,Source:_Bids_Source
1646577984,,132286.13333333333,Source:_Bids_Source
1646577999,,139560.8,Source:_Bids_Source
1646578014,,148031.18333333335,Source:_Bids_Source
1646578029,,153125.3,Source:_Bids_Source
1646578044,,156188.19999999998,Source:_Bids_Source
1646578059,,158617.13333333333,Source:_Bids_Source
1646578074,,156820.63333333333,Source:_Bids_Source
1646578089,,156392.88333333333,Source:_Bids_Source
1646578104,,153038.8,Source:_Bids_Source
1646578119,,149669.66666666666,Source:_Bids_Source
1646578134,,151784.5833333333,Source:_Bids_Source
1646578149,,153797.86666666667,Source:_Bids_Source
1646578164,,155299.96666666667,Source:_Bids_Source
1646578179,,157506.40000000002,Source:_Bids_Source
1646578194,,159290.6666666667,Source:_Bids_Source
1646578209,,161017.35,Source:_Bids_Source
1646578224,,163241.1,Source:_Bids_Source
1646578239,,164451.51666666666,Source:_Bids_Source
1646578254,,166111.09999999998,Source:_Bids_Source
1646578269,,167393.23333333334,Source:_Bids_Source
1646578284,,169609.85,Source:_Bids_Source
1646578299,,171364.78333333333,Source:_Bids_Source
1646578314,,173143.66666666666,Source:_Bids_Source
1646578329,,174488.34999999998,Source:_Bids_Source
1646578344,,175826.48333333334,Source:_Bids_Source
1646578359,,177297.3,Source:_Bids_Source
1646578374,,178566.65,Source:_Bids_Source
1646578389,,180472.11666666667,Source:_Bids_Source
1646578404,,181562.98333333334,Source:_Bids_Source
1646578419,,183013.66666666666,Source:_Bids_Source
1646578434,,184297.38333333333,Source:_Bids_Source
1646578449,,185518.96666666667,Source:_Bids_Source
1646578464,,186548.46666666667,Source:_Bids_Source
1646578479,,187867.5,Source:_Bids_Source
1646578494,,188627.53333333333,Source:_Bids_Source
1646578509,,11383.7,Source:_Bids_Source
1646578524,,66616.31666666667,Source:_Bids_Source
1646578539,,115036.06666666668,Source:_Bids_Source
1646578554,,164052.78333333333,Source:_Bids_Source
1646578569,,203170.85000000003,Source:_Bids_Source
1646578584,,198616.71666666667,Source:_Bids_Source
1646578599,,200241.61666666664,Source:_Bids_Source
1646578614,,202594.93333333332,Source:_Bids_Source
1646578629,,203934.38333333336,Source:_Bids_Source
1646578644,,206615.11666666667,Source:_Bids_Source
1646578659,,207976.8,Source:_Bids_Source
1646578674,,208619.56666666665,Source:_Bids_Source
1646578689,,210112.18333333335,Source:_Bids_Source
1646578704,,211352.90000000002,Source:_Bids_Source
1646578719,,213966.43333333332,Source:_Bids_Source
1646578734,,211006.7,Source:_Bids_Source
1646578749,,208468.6,Source:_Bids_Source
1646578764,,203499.39999999997,Source:_Bids_Source
1646578779,,199412.08333333334,Source:_Bids_Source
1646578794,,200805.25,Source:_Bids_Source
1646578809,,199377.05000000002,Source:_Bids_Source
1646578824,,200039.8,Source:_Bids_Source
1646578839,,199580.35,Source:_Bids_Source
1646578854,,199728.43333333332,Source:_Bids_Source
1646578869,,200146.41666666666,Source:_Bids_Source
1646578884,,199129.51666666666,Source:_Bids_Source
1646578899,,199161.66666666666,Source:_Bids_Source
1646578914,,198310.5333333333,Source:_Bids_Source
1646578929,,197624.5,Source:_Bids_Source
1646578944,,197199.71666666667,Source:_Bids_Source
1646578959,,197250.81666666668,Source:_Bids_Source
1646578974,,196232.7333333333,Source:_Bids_Source
1646578989,,195904.8333333333,Source:_Bids_Source
1646579004,,195389.06666666668,Source:_Bids_Source
1646579019,,193677.31666666665,Source:_Bids_Source
1646579034,,193276.6,Source:_Bids_Source
1646579049,,191796.96666666667,Source:_Bids_Source
1646579064,,191132.75,Source:_Bids_Source
1646579079,,191040.05,Source:_Bids_Source
1646579094,,189657.41666666666,Source:_Bids_Source
1646579109,,188628.48333333334,Source:_Bids_Source
1646579124,,187804.35000000003,Source:_Bids_Source
1646579139,,186083.1,Source:_Bids_Source
1646579154,,185117.81666666668,Source:_Bids_Source
1646579169,,184471.68333333335,Source:_Bids_Source
1646579184,,182545.61666666667,Source:_Bids_Source
1646579199,,181020.41666666666,Source:_Bids_Source
1646579214,,179998.1,Source:_Bids_Source
1646579229,,178169.36666666667,Source:_Bids_Source
1646579244,,176735.21666666667,Source:_Bids_Source
1646579259,,175475.8333333333,Source:_Bids_Source
1646579274,,173997.1,Source:_Bids_Source
1646579289,,172629.51666666666,Source:_Bids_Source
1646579304,,171103.06666666665,Source:_Bids_Source
1646579319,,169207.65,Source:_Bids_Source
1646579334,,167600.38333333333,Source:_Bids_Source
1646579349,,165620.3,Source:_Bids_Source
1646579364,,163519.3333333333,Source:_Bids_Source
1646579379,,162400.96666666667,Source:_Bids_Source
1646579394,,160402.75,Source:_Bids_Source
1646579409,,132494.51666666666,Source:_Bids_Source
1646579424,,92881.58333333334,Source:_Bids_Source
1646579439,,52910.73333333334,Source:_Bids_Source
1646579454,,13298.966666666667,Source:_Bids_Source
1646579469,,1013.2,Source:_Bids_Source
1646579484,,1036.7833333333333,Source:_Bids_Source
1646579499,,970.3000000000001,Source:_Bids_Source
1646579514,,993.7166666666667,Source:_Bids_Source
1646579529,,963.4000000000001,Source:_Bids_Source
1646579544,,973.3499999999999,Source:_Bids_Source
1646579559,,1032.65,Source:_Bids_Source
1646579574,,1013.75,Source:_Bids_Source
1646579589,,1025.0833333333333,Source:_Bids_Source
1646579604,,1020.2499999999999,Source:_Bids_Source
1646579619,,996.4833333333333,Source:_Bids_Source
1646579634,,973.35,Source:_Bids_Source
1646579649,,1006.0166666666667,Source:_Bids_Source
1646579664,,989.5666666666666,Source:_Bids_Source
1646579679,,1007.1833333333334,Source:_Bids_Source
1646579694,,1011.5833333333334,Source:_Bids_Source
1646579709,,999.3666666666667,Source:_Bids_Source
1646579724,,1002.0333333333333,Source:_Bids_Source
1646579739,,987.1500000000001,Source:_Bids_Source
1646579754,,0,Source:_Bids_Source
1646579769,,416.4666666666667,Source:_Bids_Source
1646579784,,681.4166666666667,Source:_Bids_Source
1646579799,,929.7833333333333,Source:_Bids_Source
1646579814,,0,Source:_Bids_Source
1646579829,,383.3333333333333,Source:_Bids_Source
1646579844,,633.3333333333334,Source:_Bids_Source
1646579859,,883.3333333333334,Source:_Bids_Source
1646579874,,1133.3333333333333,Source:_Bids_Source
1646579889,,1000,Source:_Bids_Source
1646579904,,1000,Source:_Bids_Source
1646579919,,1000,Source:_Bids_Source
1646579934,,1000,Source:_Bids_Source
1646579949,,1000,Source:_Bids_Source
1646579964,,1000,Source:_Bids_Source
1646579979,,1000,Source:_Bids_Source
1646579994,,1000,Source:_Bids_Source
1646580009,,1000,Source:_Bids_Source
1646580024,,1000,Source:_Bids_Source
1646580039,,1000,Source:_Bids_Source
1646580054,,1000,Source:_Bids_Source
1646580069,,1000,Source:_Bids_Source
1646580084,,1000,Source:_Bids_Source
1646580099,,1000,Source:_Bids_Source
1646580114,,1000,Source:_Bids_Source
1646580129,,1000,Source:_Bids_Source
1646580144,,1000,Source:_Bids_Source
1646580159,,1000,Source:_Bids_Source
1646580174,,1000,Source:_Bids_Source
1646580189,,1000,Source:_Bids_Source
1646580204,,1000,Source:_Bids_Source
1646580219,,1000,Source:_Bids_Source
1646580234,,1000,Source:_Bids_Source
1646580249,,1000,Source:_Bids_Source
1646580264,,1000,Source:_Bids_Source
1646580279,,1000,Source:_Bids_Source
1646580294,,1000,Source:_Bids_Source
1646580309,,1000,Source:_Bids_Source
1646580324,,1000,Source:_Bids_Source
1646580339,,1000,Source:_Bids_Source
1646580354,,1000,Source:_Bids_Source
1646580369,,1000,Source:_Bids_Source
1646580384,,1000,Source:_Bids_Source
1646580399,,1000,Source:_Bids_Source
1646580414,,1000,Source:_Bids_Source
1646580429,,1000,Source:_Bids_Source
1646580444,,1000,Source:_Bids_Source
1646580459,,1000,Source:_Bids_Source
1646580474,,1000,Source:_Bids_Source
1646580489,,1000,Source:_Bids_Source
1646580504,,1000,Source:_Bids_Source
1646580519,,1000,Source:_Bids_Source
1646580534,,1000,Source:_Bids_Source
1646580549,,866.6666666666666,Source:_Bids_Source
1646580564,,616.6666666666666,Source:_Bids_Source
1646580579,,366.6666666666667,Source:_Bids_Source
1646580594,,116.66666666666667,Source:_Bids_Source
1646580609,,0,Source:_Bids_Source
1646580624,,0,Source:_Bids_Source
1646580639,,0,Source:_Bids_Source
1646580654,,0,Source:_Bids_Source
1646580669,,0,Source:_Bids_Source
1646580684,,0,Source:_Bids_Source
1646580699,,0,Source:_Bids_Source
1646580714,,0,Source:_Bids_Source
1646580729,,0,Source:_Bids_Source
1646580744,,0,Source:_Bids_Source
1646580759,,0,Source:_Bids_Source
1646580774,,0,Source:_Bids_Source
1646580789,,0,Source:_Bids_Source
1646580804,,0,Source:_Bids_Source
1646580819,,0,Source:_Bids_Source
1646580834,,0,Source:_Bids_Source
1646580849,,0,Source:_Bids_Source
1646580864,,0,Source:_Bids_Source
1646580879,,0,Source:_Bids_Source
1646580894,,0,Source:_Bids_Source
1646580909,,0,Source:_Bids_Source
1646580924,,0,Source:_Bids_Source
1646580939,,0,Source:_Bids_Source
1646580954,,0,Source:_Bids_Source
1646580969,,0,Source:_Bids_Source
1646580984,,0,Source:_Bids_Source
1646580999,,0,Source:_Bids_Source
1646581014,,0,Source:_Bids_Source
1646581029,,0,Source:_Bids_Source
1646581044,,0,Source:_Bids_Source
1646581059,,0,Source:_Bids_Source
1646581074,,0,Source:_Bids_Source
1646581089,,0,Source:_Bids_Source
1646581104,,0,Source:_Bids_Source
1646581119,,0,Source:_Bids_Source
1646581134,,0,Source:_Bids_Source
1646581149,,0,Source:_Bids_Source
1646581164,,0,Source:_Bids_Source
1646581179,,0,Source:_Bids_Source
1646581194,,0,Source:_Bids_Source
1646581209,,0,Source:_Bids_Source
1646581224,,0,Source:_Bids_Source
1646581239,,0,Source:_Bids_Source
1646581254,,0,Source:_Bids_Source
1646581269,,0,Source:_Bids_Source
1646581284,,0,Source:_Bids_Source
1646581299,,0,Source:_Bids_Source
1646581314,,0,Source:_Bids_Source
1646581329,,0,Source:_Bids_Source
1646581344,,0,Source:_Bids_Source
1646581359,,0,Source:_Bids_Source
1646581374,,0,Source:_Bids_Source
1646581389,,0,Source:_Bids_Source
1646581404,,0,Source:_Bids_Source
1646581419,,0,Source:_Bids_Source
1646581434,,0,Source:_Bids_Source
1646581449,,0,Source:_Bids_Source
1646581464,,0,Source:_Bids_Source
1646581479,,0,Source:_Bids_Source
1646581494,,0,Source:_Bids_Source
1646581509,,0,Source:_Bids_Source
1646581524,,0,Source:_Bids_Source
1646581539,,0,Source:_Bids_Source
1646581554,,0,Source:_Bids_Source
1646581569,,0,Source:_Bids_Source
1646581584,,0,Source:_Bids_Source
1646581599,,0,Source:_Bids_Source
1646581614,,0,Source:_Bids_Source
1646581629,,0,Source:_Bids_Source
1646581644,,0,Source:_Bids_Source
1646581659,,0,Source:_Bids_Source
1646581674,,0,Source:_Bids_Source
1646581689,,0,Source:_Bids_Source
1646581704,,0,Source:_Bids_Source
1646581719,,0,Source:_Bids_Source
1646581734,,0,Source:_Bids_Source
1646581749,,0,Source:_Bids_Source
1646581764,,0,Source:_Bids_Source
1646581779,,15838.633333333333,Source:_Bids_Source
1646581794,,35174.583333333336,Source:_Bids_Source
1646581809,,53873.88333333333,Source:_Bids_Source
1646581824,,72912.95,Source:_Bids_Source
1646581839,,12213.983333333332,Source:_Bids_Source
1646581854,,36530.63333333333,Source:_Bids_Source
1646581869,,67653.03333333333,Source:_Bids_Source
1646581884,,68704.03333333334,Source:_Bids_Source
1646581899,,22158.55,Source:_Bids_Source
1646581914,,60269.399999999994,Source:_Bids_Source
1646581929,,101926.8,Source:_Bids_Source
1646581944,,148677.63333333336,Source:_Bids_Source
1646581959,,177914.8,Source:_Bids_Source
1646581974,,6010.616666666667,Source:_Bids_Source
1646581989,,57311.26666666667,Source:_Bids_Source
1646582004,,106132.65000000001,Source:_Bids_Source
1646582019,,162548.01666666666,Source:_Bids_Source
1646582034,,0,Source:_Bids_Source
1646582049,,55249.00000000001,Source:_Bids_Source
1646582064,,117255.26666666666,Source:_Bids_Source
1646582079,,177284.48333333334,Source:_Bids_Source
1646582094,,0,Source:_Bids_Source
1646582109,,62017.549999999996,Source:_Bids_Source
1646582124,,118874.86666666667,Source:_Bids_Source
1646582139,,174262.01666666666,Source:_Bids_Source
1646582154,,228240.5,Source:_Bids_Source
1646582169,,216289.65,Source:_Bids_Source
1646582184,,199552.98333333334,Source:_Bids_Source
1646582199,,184196.76666666666,Source:_Bids_Source
1646582214,,170485.35,Source:_Bids_Source
1646582229,,160349.96666666667,Source:_Bids_Source
1646582244,,159989.08333333334,Source:_Bids_Source
1646582259,,160002.51666666663,Source:_Bids_Source
1646582274,,159665.0166666667,Source:_Bids_Source
1646582289,,159712.03333333333,Source:_Bids_Source
1646582304,,159777.94999999998,Source:_Bids_Source
1646582319,,160167.30000000002,Source:_Bids_Source
1646582334,,160121.4,Source:_Bids_Source
1646582349,,160001.55,Source:_Bids_Source
1646582364,,160319.53333333335,Source:_Bids_Source
1646582379,,159839.81666666665,Source:_Bids_Source
1646582394,,159857.76666666663,Source:_Bids_Source
1646582409,,160080.50000000003,Source:_Bids_Source
1646582424,,159742.3,Source:_Bids_Source
1646582439,,157678.84999999998,Source:_Bids_Source
1646582454,,156175.55,Source:_Bids_Source
1646582469,,154209.75,Source:_Bids_Source
1646582484,,152006.48333333334,Source:_Bids_Source
1646582499,,150604.03333333333,Source:_Bids_Source
1646582514,,0,Source:_Bids_Source
