,index,timestamp,input_rate,datetime,seconds,minutes,backpressure,busy_time,CPU_load,idle_time,lag,latency,taskmanager,throughput
0,11,2022-09-22 07:26:11,18693.042661212123,2022-09-22 07:26:11,0,0.0,0.0,0.0,0.0516481866002214,0.0,0.0,0.0,1.0,0.0
1,12,2022-09-22 07:26:26,82445.04266121212,2022-09-22 07:26:26,15,0.25,0.0,0.9128958333333334,0.997,0.0871041666666666,0.0,11.026,8.0,0.0
2,13,2022-09-22 07:26:41,148211.7669721212,2022-09-22 07:26:41,30,0.5,9.2,0.6416569444444443,0.9975,0.3577847222222222,7164903.0,29.781125,8.0,12994.183333333332
3,14,2022-09-22 07:26:56,215027.53193094855,2022-09-22 07:26:56,45,0.75,28.125,0.6357679398148149,0.9925882352941175,0.3618177083333334,8084223.0,30.364625,8.0,62651.98333333334
4,15,2022-09-22 07:27:11,246036.07497872016,2022-09-22 07:27:11,60,1.0,34.90909090909091,0.6423844696969696,0.9985,0.3522638888888889,8095953.0,21.1905,8.0,155846.71666666667
5,16,2022-09-22 07:27:26,245947.2465800614,2022-09-22 07:27:26,75,1.25,43.583333333333336,0.5995972222222223,0.9955588235294116,0.3919652777777778,8007945.0,9.83875,8.0,264478.1333333333
6,17,2022-09-22 07:27:41,244413.2099131783,2022-09-22 07:27:41,90,1.5,49.91666666666666,0.6319722222222223,0.9209803921568628,0.3560034722222222,7762788.0,1.059125,8.0,352305.00000000006
7,18,2022-09-22 07:27:56,242298.37250183456,2022-09-22 07:27:56,105,1.75,55.833333333333336,0.5646805555555556,0.9208019207683074,0.4237951388888889,5174367.0,0.0645,8.0,371880.15
8,19,2022-09-22 07:28:11,241111.10909090907,2022-09-22 07:28:11,120,2.0,41.08333333333333,0.4745173611111111,0.7806832733093236,0.5170729166666668,2611011.0,0.027875,8.0,338987.4333333333
9,20,2022-09-22 07:28:26,239141.4980218756,2022-09-22 07:28:26,135,2.25,28.666666666666668,0.3508541666666667,0.6894117647058824,0.6442430555555555,1329492.0,0.014625,8.0,289295.4
10,21,2022-09-22 07:28:41,237561.2485146011,2022-09-22 07:28:41,150,2.5,8.666666666666668,0.2432326388888889,0.7525,0.7556840277777778,54228.0,0.003,8.0,247058.26666666663
11,22,2022-09-22 07:28:56,236123.69157491237,2022-09-22 07:28:56,165,2.75,3.083333333333333,0.1923680555555555,0.6357478991596639,0.8073159722222223,54153.0,0.0222499999999999,8.0,236955.53333333333
12,23,2022-09-22 07:29:11,237044.342689407,2022-09-22 07:29:11,180,3.0,2.833333333333333,0.1454305555555555,0.54,0.854392361111111,50313.0,0.005625,8.0,236517.05
13,24,2022-09-22 07:29:26,240374.7272727273,2022-09-22 07:29:26,195,3.25,2.75,0.1251909722222222,0.5435588235294116,0.8746354166666669,37554.0,0.0069999999999999,8.0,239531.16666666663
14,25,2022-09-22 07:29:41,244208.3818181818,2022-09-22 07:29:41,210,3.5,2.7500000000000004,0.1048472222222222,0.5839901960784314,0.8949791666666667,31716.0,0.017,8.0,242918.8333333333
15,26,2022-09-22 07:29:56,247345.5818181818,2022-09-22 07:29:56,225,3.75,1.5454545454545456,0.0869924242424242,0.5033333333333333,0.9129431818181818,20064.0,0.0048333333333333,8.0,184016.4833333333
16,27,2022-09-22 07:30:11,245098.24532777548,2022-09-22 07:30:11,240,4.0,43.5,0.3958328042328042,0.9973333333333332,0.6018772486772485,3023556.0,11.0035,6.0,16795.516666666666
17,28,2022-09-22 07:30:26,240248.4,2022-09-22 07:30:26,255,4.25,49.0,0.3530638321995465,0.9973464052287582,0.6421985260770975,3179044.0,4.874333333333333,6.0,89950.24999999999
18,29,2022-09-22 07:30:41,235798.8363636364,2022-09-22 07:30:41,270,4.5,43.375,0.3439613095238095,0.946,0.6508098544973545,3256820.0,0.4605,6.0,168773.2
19,30,2022-09-22 07:30:56,230840.9454545454,2022-09-22 07:30:56,285,4.75,46.90909090909091,0.4185386904761904,0.9065714285714286,0.5968906565656565,3256820.0,0.0685,6.0,235989.5
20,31,2022-09-22 07:31:11,230401.57714652203,2022-09-22 07:31:11,300,5.0,43.25,0.4959953703703704,0.7115414165666267,0.4943148148148147,1919812.0,0.003,6.0,277322.4
21,32,2022-09-22 07:31:26,228503.80149065983,2022-09-22 07:31:26,315,5.25,30.083333333333336,0.3795185185185185,0.7741549953314658,0.6144305555555555,1919812.0,0.1078333333333333,6.0,259978.28333333333
22,33,2022-09-22 07:31:41,226929.9818181818,2022-09-22 07:31:41,330,5.5,19.583333333333336,0.2656527777777777,0.6432156862745098,0.73175,70948.0,0.0205,6.0,237310.7
23,34,2022-09-22 07:31:56,225069.8909090909,2022-09-22 07:31:56,345,5.75,4.666666666666667,0.1863194444444445,0.5954421768707483,0.8127222222222222,71316.0,0.003,6.0,226500.03333333333
24,35,2022-09-22 07:32:11,223118.67721330165,2022-09-22 07:32:11,360,6.0,4.416666666666667,0.1447407407407407,0.5904183006535948,0.8549212962962963,47120.0,0.0323333333333333,6.0,223786.03333333333
25,36,2022-09-22 07:32:26,219417.16363636364,2022-09-22 07:32:26,375,6.25,4.333333333333333,0.1279212962962962,0.5873333333333333,0.8717453703703704,47120.0,0.0026666666666666,6.0,220557.86666666667
26,37,2022-09-22 07:32:41,215798.10909090907,2022-09-22 07:32:41,390,6.5,2.583333333333333,0.1075509259259259,0.5721224489795919,0.8923055555555557,39468.0,0.0048333333333333,6.0,217448.8
27,38,2022-09-22 07:32:56,212400.30909090908,2022-09-22 07:32:56,405,6.75,2.8181818181818183,0.0996569865319865,0.546,0.9001864478114479,24488.0,0.0025,6.0,142149.86666666667
28,39,2022-09-22 07:33:11,210233.7272727273,2022-09-22 07:33:11,420,7.0,60.5,0.3973439814814815,0.993,0.5983449074074075,3151584.0,12.37175,4.0,17117.6
29,40,2022-09-22 07:33:26,207933.2,2022-09-22 07:33:26,435,7.25,52.66666666666666,0.3410214285714285,0.995,0.6535163492063493,3151584.0,10.78425,4.0,83469.86666666667
30,41,2022-09-22 07:33:41,205852.9272727273,2022-09-22 07:33:41,450,7.5,71.11111111111111,0.3259157407407407,0.9859151660664268,0.6677888888888889,3151584.0,4.36025,4.0,152704.28333333333
31,42,2022-09-22 07:33:56,203425.01818181816,2022-09-22 07:33:56,465,7.75,64.33333333333333,0.4023834776334776,0.891,0.589258658008658,3151584.0,0.575,4.0,214236.88333333333
32,43,2022-09-22 07:34:11,200570.6909090909,2022-09-22 07:34:11,480,8.0,59.0,0.5256527777777777,0.7196530612244898,0.4610138888888889,1885518.0,0.0465,4.0,250976.5833333333
33,44,2022-09-22 07:34:26,195148.34545454543,2022-09-22 07:34:26,495,8.25,39.5,0.4185069444444444,0.7150000000000001,0.5722569444444445,1885518.0,0.02325,4.0,230047.2333333333
34,45,2022-09-22 07:34:41,189658.32727272727,2022-09-22 07:34:41,510,8.5,17.916666666666664,0.3003958333333333,0.7050000000000001,0.6952986111111112,69336.0,0.01025,4.0,206462.9
35,46,2022-09-22 07:34:56,184135.6,2022-09-22 07:34:56,525,8.75,10.333333333333336,0.2095347222222222,0.692,0.7889166666666666,69336.0,0.0725,4.0,190750.03333333333
36,47,2022-09-22 07:35:11,180151.54545454544,2022-09-22 07:35:11,540,9.0,1.3333333333333333,0.1735763888888888,0.623,0.8263125,61770.0,0.02575,4.0,181173.28333333333
37,48,2022-09-22 07:35:26,174023.72727272726,2022-09-22 07:35:26,555,9.25,2.583333333333333,0.1550694444444444,0.612,0.8447152777777778,61770.0,0.00625,4.0,175687.63333333333
38,49,2022-09-22 07:35:41,167849.25454545452,2022-09-22 07:35:41,570,9.5,2.583333333333333,0.1427430555555555,0.602,0.8570416666666666,68142.0,0.01825,4.0,170001.3333333333
39,50,2022-09-22 07:35:56,161653.67272727273,2022-09-22 07:35:56,585,9.75,1.25,0.1332777777777777,0.6149999999999999,0.8666180555555557,68142.0,0.009,4.0,164292.6
40,51,2022-09-22 07:36:11,157981.25454545455,2022-09-22 07:36:11,600,10.0,2.583333333333333,0.1264722222222222,0.5750000000000001,0.8733125,71124.0,0.00425,4.0,158431.2
41,52,2022-09-22 07:36:26,154192.10909090907,2022-09-22 07:36:26,615,10.25,1.3333333333333337,0.1215763888888888,0.5648719487795117,0.8783125,71124.0,0.009,4.0,154786.93333333332
42,53,2022-09-22 07:36:41,150511.92727272728,2022-09-22 07:36:41,630,10.5,1.4545454545454546,0.1192487373737373,0.5584489795918368,0.8806300505050506,23322.0,0.003,3.0,75491.58333333334
43,54,2022-09-22 07:36:56,146779.83636363636,2022-09-22 07:36:56,645,10.75,48.66666666666666,0.3975482804232804,0.993437908496732,0.5971977513227514,1948856.0,5.600666666666667,3.0,34258.433333333334
44,55,2022-09-22 07:37:11,144869.85454545455,2022-09-22 07:37:11,660,11.0,75.16666666666667,0.3467793650793651,0.7034509803921568,0.6443873015873016,1948856.0,0.0646666666666666,3.0,88590.8
45,56,2022-09-22 07:37:26,141281.63636363635,2022-09-22 07:37:26,675,11.25,56.888888888888886,0.2906190476190476,0.6608366013071896,0.703089947089947,1948856.0,0.0553333333333333,3.0,121643.45
46,57,2022-09-22 07:37:41,137873.54545454544,2022-09-22 07:37:41,690,11.5,45.5,0.452287037037037,0.6847074829931973,0.5358148148148149,1948856.0,0.1376666666666666,3.0,154758.43333333335
47,58,2022-09-22 07:37:56,134212.21818181817,2022-09-22 07:37:56,705,11.75,38.583333333333336,0.3246851851851852,0.6533333333333333,0.6653981481481481,74224.0,0.1566666666666666,3.0,153883.61666666667
48,59,2022-09-22 07:38:11,132119.0909090909,2022-09-22 07:38:11,720,12.0,19.83333333333333,0.2490740740740741,0.6179863945578231,0.7466851851851851,76368.0,0.0773333333333333,3.0,132641.86666666667
49,60,2022-09-22 07:38:26,129472.90909090907,2022-09-22 07:38:26,735,12.25,16.0,0.2442407407407407,0.6012549019607843,0.7520833333333332,75696.0,0.0933333333333333,3.0,130368.78333333333
50,61,2022-09-22 07:38:41,126966.5818181818,2022-09-22 07:38:41,750,12.5,14.583333333333332,0.2396018518518518,0.608,0.7571574074074074,76048.0,0.081,3.0,128129.11666666668
51,62,2022-09-22 07:38:56,124340.83636363636,2022-09-22 07:38:56,765,12.75,12.166666666666666,0.2353333333333333,0.6066666666666667,0.7618148148148147,78456.0,0.1346666666666666,3.0,125539.25
52,63,2022-09-22 07:39:11,120714.6909090909,2022-09-22 07:39:11,780,13.0,5.75,0.2215,0.4826666666666667,0.7771018518518519,78456.0,0.05,3.0,121990.01666666666
53,64,2022-09-22 07:39:26,112925.25454545452,2022-09-22 07:39:26,795,13.25,6.272727272727272,0.5281043771043772,0.5,0.4710013468013468,1345248.0,13.4445,2.0,0.0
54,65,2022-09-22 07:39:41,105148.76738617355,2022-09-22 07:39:41,810,13.5,48.5,0.4303972222222222,0.9861960784313726,0.5628138888888888,1451808.0,4.4615,2.0,34362.4
55,66,2022-09-22 07:39:56,97483.83636363636,2022-09-22 07:39:56,825,13.75,48.71428571428572,0.3557606349206349,0.6599999999999999,0.6376857142857143,1451808.0,0.2155,2.0,65529.63333333333
56,67,2022-09-22 07:40:11,94266.03636363636,2022-09-22 07:40:11,840,14.0,41.8,0.3234083333333333,0.6101632653061224,0.6698749999999999,1451808.0,0.1505,2.0,89211.9
57,68,2022-09-22 07:40:26,92628.7212271058,2022-09-22 07:40:26,855,14.25,38.75000000000001,0.4249444444444444,0.606,0.5629861111111111,71196.0,0.247,2.0,111279.73333333334
58,69,2022-09-22 07:40:41,90917.14545454545,2022-09-22 07:40:41,870,14.5,25.416666666666664,0.3260833333333333,0.618,0.6656666666666666,73308.0,0.142,2.0,99190.98333333334
59,70,2022-09-22 07:40:56,88972.10909090909,2022-09-22 07:40:56,885,14.75,17.666666666666668,0.2944722222222222,0.5840000000000001,0.6999166666666666,76836.0,0.1685,2.0,89922.56666666667
60,71,2022-09-22 07:41:11,87919.67272727271,2022-09-22 07:41:11,900,15.0,17.666666666666664,0.2866944444444445,0.592,0.7076805555555556,76836.0,0.237,2.0,88145.58333333333
61,72,2022-09-22 07:41:26,86891.8909090909,2022-09-22 07:41:26,915,15.25,20.416666666666668,0.285125,0.59,0.708375,64116.0,0.236,2.0,87290.0
62,73,2022-09-22 07:41:41,85753.2,2022-09-22 07:41:41,930,15.5,22.916666666666664,0.2832083333333334,0.5860408163265306,0.7103194444444445,71628.0,0.188,2.0,86054.0
63,74,2022-09-22 07:41:56,84618.96363636364,2022-09-22 07:41:56,945,15.75,25.700000000000003,0.2803424242424243,0.5183673469387755,0.7132075757575758,788298.0,8.161999999999999,1.0,49948.23333333334
64,75,2022-09-22 07:42:11,81593.4909090909,2022-09-22 07:42:11,960,16.0,54.0,0.4184570105820105,1.0,0.5716838624338624,1504968.0,16.136,1.0,13842.466666666667
65,76,2022-09-22 07:42:26,75072.93352020679,2022-09-22 07:42:26,975,16.25,62.5,0.411175925925926,0.996,0.5785685185185184,1504968.0,11.378,1.0,34114.7
66,77,2022-09-22 07:42:41,68456.07272727272,2022-09-22 07:42:41,990,16.5,64.44444444444444,0.4096296296296296,0.996,0.5787654320987654,1504968.0,14.199,1.0,53935.46666666667
67,78,2022-09-22 07:42:56,61716.4,2022-09-22 07:42:56,1005,16.75,68.41666666666666,0.6415833333333334,1.0,0.3356111111111111,1504968.0,2.375,1.0,74067.25
68,79,2022-09-22 07:43:11,59306.81818181818,2022-09-22 07:43:11,1020,17.0,84.33333333333333,0.616638888888889,0.8470588235294118,0.35525,1240248.0,0.232,1.0,80377.61666666667
69,80,2022-09-22 07:43:26,57816.109090909085,2022-09-22 07:43:26,1035,17.25,74.41666666666667,0.5463611111111112,0.744,0.4288333333333333,1240248.0,0.299,1.0,73976.8
70,81,2022-09-22 07:43:41,56290.03636363636,2022-09-22 07:43:41,1050,17.5,65.08333333333333,0.4918055555555556,0.748,0.4865,489888.0,0.265,1.0,67748.28333333334
71,82,2022-09-22 07:43:56,54783.63636363635,2022-09-22 07:43:56,1065,17.75,55.74999999999999,0.4257777777777778,0.72,0.5556388888888888,489888.0,0.271,1.0,61180.8
72,83,2022-09-22 07:44:11,53644.0909090909,2022-09-22 07:44:11,1080,18.0,43.41666666666666,0.3654166666666666,0.648,0.6201111111111111,73200.0,0.22,1.0,54537.083333333336
73,84,2022-09-22 07:44:26,51826.8,2022-09-22 07:44:26,1095,18.25,40.75,0.3500555555555555,0.672,0.636361111111111,73200.0,0.226,1.0,52591.66666666666
74,85,2022-09-22 07:44:41,50008.63636363636,2022-09-22 07:44:41,1110,18.5,39.333333333333336,0.3286944444444444,0.652,0.6581944444444443,64008.0,0.253,1.0,50925.4
75,86,2022-09-22 07:44:56,48192.221746310126,2022-09-22 07:44:56,1125,18.75,31.166666666666668,0.3158333333333333,0.652,0.6737777777777778,64008.0,0.23,1.0,49287.11666666667
76,87,2022-09-22 07:45:11,48770.38181818182,2022-09-22 07:45:11,1140,19.0,17.916666666666668,0.3098611111111111,0.724,0.6841666666666666,62328.0,0.27,1.0,47868.21666666667
77,88,2022-09-22 07:45:26,51431.76363636363,2022-09-22 07:45:26,1155,19.25,27.416666666666668,0.3318888888888889,0.784,0.6589722222222222,88536.0,0.22,1.0,50331.46666666667
78,89,2022-09-22 07:45:41,54155.41818181817,2022-09-22 07:45:41,1170,19.5,30.5,0.3533055555555555,0.824,0.6365277777777777,88536.0,0.22,1.0,52740.38333333333
79,90,2022-09-22 07:45:56,56818.43636363636,2022-09-22 07:45:56,1185,19.75,37.083333333333336,0.3801944444444444,0.776,0.6074444444444445,88536.0,0.262,1.0,55257.96666666667
80,91,2022-09-22 07:46:11,57150.01818181818,2022-09-22 07:46:11,1200,20.0,35.916666666666664,0.3951944444444444,0.7254901960784313,0.5928333333333333,75504.0,0.277,1.0,57494.43333333333
81,92,2022-09-22 07:46:26,56080.6909090909,2022-09-22 07:46:26,1215,20.25,28.000000000000004,0.3898611111111111,0.7551020408163265,0.6008055555555557,75504.0,0.261,1.0,56555.93333333333
82,93,2022-09-22 07:46:41,55110.21818181818,2022-09-22 07:46:41,1230,20.5,27.833333333333336,0.3808055555555555,0.732,0.6099166666666668,73440.0,0.253,1.0,55671.78333333333
83,94,2022-09-22 07:46:56,54025.0,2022-09-22 07:46:56,1245,20.75,25.333333333333336,0.3648333333333334,0.72,0.6267222222222223,73440.0,0.198,1.0,54678.93333333333
84,95,2022-09-22 07:47:11,52541.72727272727,2022-09-22 07:47:11,1260,21.0,34.916666666666664,0.3649444444444444,0.616,0.6234166666666667,73440.0,0.192,1.0,53599.833333333336
85,96,2022-09-22 07:47:26,49255.6909090909,2022-09-22 07:47:26,1275,21.25,29.58333333333333,0.34225,0.612,0.647888888888889,73440.0,0.194,1.0,50621.4
86,97,2022-09-22 07:47:41,46038.34545454545,2022-09-22 07:47:41,1290,21.5,22.916666666666664,0.31675,0.5529411764705883,0.675611111111111,66672.0,0.279,1.0,47638.65
87,98,2022-09-22 07:47:56,42742.32727272727,2022-09-22 07:47:56,1305,21.75,24.166666666666668,0.2909166666666667,0.596,0.7010277777777778,77904.0,0.23,1.0,44655.9
88,99,2022-09-22 07:48:11,43981.0909090909,2022-09-22 07:48:11,1320,22.0,20.0,0.2661388888888889,0.752,0.7271944444444445,77904.0,0.259,1.0,42206.63333333333
89,100,2022-09-22 07:48:26,49401.38181818182,2022-09-22 07:48:26,1335,22.25,27.583333333333336,0.3025277777777777,0.812,0.6882777777777779,119208.0,0.207,1.0,47157.066666666666
90,101,2022-09-22 07:48:41,54797.34545454544,2022-09-22 07:48:41,1350,22.5,30.33333333333333,0.3501388888888889,0.796,0.63975,119208.0,0.231,1.0,52111.816666666666
91,102,2022-09-22 07:48:56,60130.836363636365,2022-09-22 07:48:56,1365,22.75,37.16666666666666,0.3897777777777778,0.8081632653061225,0.5978333333333333,119208.0,0.224,1.0,57063.16666666666
92,103,2022-09-22 07:49:11,62049.58181818181,2022-09-22 07:49:11,1380,23.0,37.333333333333336,0.4315555555555556,0.852,0.556,83664.0,0.248,1.0,61746.51666666667
93,104,2022-09-22 07:49:26,62911.4,2022-09-22 07:49:26,1395,23.25,41.66666666666666,0.4387222222222222,0.852,0.5473888888888889,83664.0,0.224,1.0,62581.66666666666
94,105,2022-09-22 07:49:41,63885.6431148809,2022-09-22 07:49:41,1410,23.5,54.66666666666666,0.4391666666666666,0.8666666666666667,0.542611111111111,98064.0,0.225,1.0,63412.93333333333
95,106,2022-09-22 07:49:56,64748.054545454535,2022-09-22 07:49:56,1425,23.75,48.0,0.4571388888888889,0.948,0.5268611111111111,98064.0,0.223,1.0,64062.816666666666
96,107,2022-09-22 07:50:11,65509.90909090909,2022-09-22 07:50:11,1440,24.0,47.75,0.4644722222222222,0.896,0.5196111111111111,98064.0,0.216,1.0,65122.9
97,108,2022-09-22 07:50:26,67237.0909090909,2022-09-22 07:50:26,1455,24.25,45.08333333333333,0.4759444444444444,0.932,0.5090277777777779,98064.0,0.231,1.0,66562.86666666667
98,109,2022-09-22 07:50:41,68820.07272727272,2022-09-22 07:50:41,1470,24.5,34.666666666666664,0.4957222222222222,0.9254901960784314,0.4927222222222222,115752.0,0.24,1.0,68030.96666666666
99,110,2022-09-22 07:50:56,70426.4,2022-09-22 07:50:56,1485,24.75,42.58333333333333,0.5056944444444444,0.916,0.4801111111111111,115752.0,0.243,1.0,69670.11666666667
100,111,2022-09-22 07:51:11,70849.6909090909,2022-09-22 07:51:11,1500,25.0,46.58333333333333,0.5336944444444445,1.0,0.4507777777777778,201264.0,1.165,1.0,69598.6
101,112,2022-09-22 07:51:26,70952.29090909091,2022-09-22 07:51:26,1515,25.25,49.083333333333336,0.5506944444444445,0.96,0.4329444444444444,201264.0,0.205,1.0,70852.48333333334
102,113,2022-09-22 07:51:41,71066.92727272726,2022-09-22 07:51:41,1530,25.5,55.66666666666667,0.5528333333333333,0.976470588235294,0.4286111111111111,201264.0,0.196,1.0,70795.41666666667
103,114,2022-09-22 07:51:56,71138.36363636363,2022-09-22 07:51:56,1545,25.75,51.91666666666667,0.5653055555555555,0.996,0.4173888888888888,201264.0,1.207,1.0,69916.71666666666
104,115,2022-09-22 07:52:11,72744.56363636363,2022-09-22 07:52:11,1560,26.0,60.25,0.5670833333333334,0.996,0.4128333333333333,141240.0,1.012,1.0,72353.06666666667
105,116,2022-09-22 07:52:26,77488.61818181818,2022-09-22 07:52:26,1575,26.25,64.25,0.576,1.0,0.4025833333333333,251280.0,3.259,1.0,72892.71666666666
106,117,2022-09-22 07:52:41,81978.8909090909,2022-09-22 07:52:41,1590,26.5,64.41666666666667,0.5882777777777777,0.996,0.39025,380688.0,3.021,1.0,75009.63333333333
107,118,2022-09-22 07:52:56,86622.79999999999,2022-09-22 07:52:56,1605,26.75,63.0,0.5983888888888889,0.996,0.380611111111111,503784.0,6.072,1.0,78829.31666666667
108,119,2022-09-22 07:53:11,88798.63636363635,2022-09-22 07:53:11,1620,27.0,62.833333333333336,0.5981666666666666,0.996,0.3808888888888889,748368.0,6.218,1.0,79724.31666666667
109,120,2022-09-22 07:53:26,90817.29090909092,2022-09-22 07:53:26,1635,27.25,64.16666666666667,0.5987222222222223,0.996,0.3798888888888889,1024656.0,9.999,1.0,80296.03333333334
110,121,2022-09-22 07:53:41,93015.5090909091,2022-09-22 07:53:41,1650,27.5,77.45454545454545,0.5889027777777778,0.998,0.1231818181818181,1501350.0,5.607,2.0,0.0
111,122,2022-09-22 07:53:56,95117.54545454544,2022-09-22 07:53:56,1665,27.75,90.25,0.5790833333333334,0.9959591836734694,0.3343722222222222,1978044.0,19.5755,2.0,17957.816666666666
112,123,2022-09-22 07:54:11,99160.16363636364,2022-09-22 07:54:11,1680,28.0,96.0,0.5692638888888889,0.894,0.3527619047619048,2893764.0,20.5035,2.0,41270.23333333333
113,124,2022-09-22 07:54:26,108021.8909090909,2022-09-22 07:54:26,1695,28.25,129.0,0.5594444444444445,0.93,0.3727636363636363,3291996.0,15.5155,2.0,70084.75
114,125,2022-09-22 07:54:41,116883.9818181818,2022-09-22 07:54:41,1710,28.5,56.083333333333336,0.549625,0.903843137254902,0.4332777777777778,2574960.0,15.5905,2.0,101152.88333333332
115,126,2022-09-22 07:54:56,125814.50909090906,2022-09-22 07:54:56,1725,28.75,76.5,0.5413194444444444,0.91,0.4377222222222223,2608152.0,15.098,2.0,116193.8
116,127,2022-09-22 07:55:11,129176.43636363634,2022-09-22 07:55:11,1740,29.0,93.0,0.5180833333333332,0.94,0.4598194444444444,2614272.0,17.124,2.0,123743.66666666666
117,128,2022-09-22 07:55:26,131242.43636363634,2022-09-22 07:55:26,1755,29.25,90.25,0.523,0.9490196078431372,0.455625,2890428.0,19.4665,2.0,124978.98333333334
118,129,2022-09-22 07:55:41,133489.43636363634,2022-09-22 07:55:41,1770,29.5,89.58333333333333,0.5280277777777779,0.9470588235294116,0.4516111111111111,3058416.0,21.505,2.0,127194.73333333334
119,130,2022-09-22 07:55:56,135790.69090909092,2022-09-22 07:55:56,1785,29.75,76.66666666666667,0.5342083333333334,0.936,0.4471527777777778,3093924.0,17.641,2.0,130203.11666666668
120,131,2022-09-22 07:56:11,137257.20636140517,2022-09-22 07:56:11,1800,30.0,75.36363636363636,0.6898585858585858,0.9825185185185183,0.2967171717171716,2119416.0,40.186,3.0,0.0
121,132,2022-09-22 07:56:26,139870.5090909091,2022-09-22 07:56:26,1815,30.25,86.875,0.6407333333333334,0.9909230769230768,0.3437222222222222,4835992.0,27.152,3.0,27969.5
122,133,2022-09-22 07:56:41,142206.0591157043,2022-09-22 07:56:41,1830,30.5,83.2,0.6087831746031748,0.993437908496732,0.3726250793650793,5585080.0,20.98166666666667,3.0,67063.01666666666
123,134,2022-09-22 07:56:56,144924.9818181818,2022-09-22 07:56:56,1845,30.75,105.5,0.5840844444444444,0.8774379084967321,0.3941133333333332,5888296.0,18.424666666666663,3.0,108306.23333333334
124,135,2022-09-22 07:57:11,147399.2768326206,2022-09-22 07:57:11,1860,31.0,77.41666666666667,0.5967685185185186,0.9075374149659864,0.3876296296296296,5683656.0,16.087333333333333,3.0,150544.75
125,136,2022-09-22 07:57:26,151962.25844481686,2022-09-22 07:57:26,1875,31.25,71.08333333333333,0.5539722222222222,0.9035886354541818,0.4298981481481482,4271560.0,12.733,3.0,167841.88333333333
126,137,2022-09-22 07:57:41,156399.52727272728,2022-09-22 07:57:41,1890,31.5,67.83333333333333,0.5322037037037037,0.902797385620915,0.4523611111111111,3812824.0,11.363333333333332,3.0,176480.21666666667
127,138,2022-09-22 07:57:56,161221.3818181818,2022-09-22 07:57:56,1905,31.75,74.5,0.5083333333333334,0.9226666666666666,0.475037037037037,2983704.0,8.668,3.0,182507.81666666665
128,139,2022-09-22 07:58:11,164294.53178867607,2022-09-22 07:58:11,1920,32.0,78.33333333333333,0.5131018518518519,0.8906666666666667,0.4676944444444444,2451168.0,8.383,3.0,186373.78333333333
129,140,2022-09-22 07:58:26,170150.03636363635,2022-09-22 07:58:26,1935,32.25,71.5,0.5028333333333334,0.8866666666666666,0.4795555555555556,2440888.0,4.067666666666667,3.0,187728.9166666667
130,141,2022-09-22 07:58:41,175726.34545454543,2022-09-22 07:58:41,1950,32.5,72.0,0.4858333333333334,0.9403809523809524,0.4975092592592594,1549928.0,2.943666666666667,3.0,189782.86666666667
131,142,2022-09-22 07:58:56,180726.0727272727,2022-09-22 07:58:56,1965,32.75,61.25,0.4856574074074074,0.8946666666666666,0.4995,1446872.0,5.301333333333334,3.0,189698.81666666668
132,143,2022-09-22 07:59:11,184652.92073605352,2022-09-22 07:59:11,1980,33.0,64.5,0.4866851851851852,0.9648163265306122,0.4988333333333333,1495664.0,1.8816666666666668,3.0,193041.18333333332
133,144,2022-09-22 07:59:26,190254.58181818185,2022-09-22 07:59:26,1995,33.25,65.75,0.5061481481481481,0.9672418300653596,0.4764722222222223,1249704.0,2.5113333333333334,3.0,198539.78333333333
134,145,2022-09-22 07:59:41,195929.81818181815,2022-09-22 07:59:41,2010,33.5,73.83333333333333,0.532787037037037,0.9837006802721088,0.4477407407407408,1252704.0,2.0416666666666665,3.0,201336.31666666668
135,146,2022-09-22 07:59:56,201929.6545454545,2022-09-22 07:59:56,2025,33.75,78.58333333333334,0.5433425925925927,0.964,0.4370555555555555,900368.0,2.118,3.0,207466.95
136,147,2022-09-22 08:00:11,204482.8363636364,2022-09-22 08:00:11,2040,34.0,81.41666666666667,0.5467685185185186,0.988,0.4351111111111111,1001936.0,1.286,3.0,210010.08333333337
137,148,2022-09-22 08:00:26,206476.16363636364,2022-09-22 08:00:26,2055,34.25,82.75,0.5540277777777778,0.988,0.4289351851851851,750240.0,0.6516666666666666,3.0,210758.1666666667
138,149,2022-09-22 08:00:41,208400.5818181818,2022-09-22 08:00:41,2070,34.5,68.08333333333333,0.5510462962962963,0.9786666666666666,0.4343333333333333,750240.0,0.3533333333333333,3.0,213608.1333333333
139,150,2022-09-22 08:00:56,210621.54545454544,2022-09-22 08:00:56,2085,34.75,60.583333333333336,0.5475648148148148,0.956313725490196,0.4388333333333333,353712.0,0.1066666666666666,3.0,211920.05
140,151,2022-09-22 08:01:11,212788.9818181818,2022-09-22 08:01:11,2100,35.0,54.083333333333336,0.5432407407407407,1.0,0.4439074074074074,491744.0,1.751,3.0,210255.91666666663
141,152,2022-09-22 08:01:26,217879.45454545453,2022-09-22 08:01:26,2115,35.25,51.583333333333336,0.550712962962963,0.9934117647058824,0.4355277777777777,693992.0,2.539,3.0,209478.5
142,153,2022-09-22 08:01:41,222588.30909090908,2022-09-22 08:01:41,2130,35.5,57.333333333333336,0.5675,0.996,0.4157777777777777,843616.0,2.454,3.0,211714.95
143,154,2022-09-22 08:01:56,227286.34545454543,2022-09-22 08:01:56,2145,35.75,65.41666666666667,0.5889351851851852,0.996,0.3916759259259259,882712.0,2.483333333333333,3.0,218555.60000000003
144,155,2022-09-22 08:02:11,229334.0232460048,2022-09-22 08:02:11,2160,36.0,78.75,0.6082592592592594,0.996,0.3701851851851852,899096.0,2.743666666666667,3.0,227491.53333333333
145,156,2022-09-22 08:02:26,229349.16363636364,2022-09-22 08:02:26,2175,36.25,88.08333333333334,0.603425925925926,0.9933333333333334,0.3727407407407407,790928.0,0.798,3.0,233856.1166666667
146,157,2022-09-22 08:02:41,230106.81818181815,2022-09-22 08:02:41,2190,36.5,90.5,0.6020833333333334,0.9973333333333334,0.3747962962962963,660152.0,1.465,3.0,234637.3
147,158,2022-09-22 08:02:56,230193.61818181816,2022-09-22 08:02:56,2205,36.75,86.0,0.5945277777777779,0.9946666666666668,0.3828148148148148,646688.0,1.521,3.0,230650.75
148,159,2022-09-22 08:03:11,231201.2240716098,2022-09-22 08:03:11,2220,37.0,86.16666666666667,0.5936574074074074,0.996,0.3827314814814815,1013856.0,2.2823333333333333,3.0,226409.78333333333
149,160,2022-09-22 08:03:26,233691.92727272725,2022-09-22 08:03:26,2235,37.25,75.41666666666667,0.5992222222222223,0.9906666666666668,0.3784166666666667,1187528.0,3.0476666666666663,3.0,222547.2
150,161,2022-09-22 08:03:41,236114.7636363636,2022-09-22 08:03:41,2250,37.5,77.08333333333334,0.5993148148148149,0.996,0.3761203703703704,1416816.0,5.520333333333333,3.0,221428.46666666667
151,162,2022-09-22 08:03:56,238451.4085083874,2022-09-22 08:03:56,2265,37.75,75.41666666666667,0.6029907407407409,0.996,0.3722037037037037,1742912.0,5.708333333333333,3.0,222881.81666666665
152,163,2022-09-22 08:04:11,240730.7818181818,2022-09-22 08:04:11,2280,38.0,78.49999999999999,0.6078981481481481,0.9247435897435896,0.3672777777777778,1895176.0,6.094,3.0,226612.44999999995
153,164,2022-09-22 08:04:26,244602.2727272727,2022-09-22 08:04:26,2295,38.25,83.55555555555556,0.606637962962963,0.995998399359744,0.292994708994709,5891052.0,17.81475,4.0,20286.016666666663
154,165,2022-09-22 08:04:41,248453.83636363636,2022-09-22 08:04:41,2310,38.5,96.0,0.6053777777777778,0.996,0.3325619047619048,6697752.0,20.1975,4.0,75406.41666666666
155,166,2022-09-22 08:04:56,252688.25454545452,2022-09-22 08:04:56,2325,38.75,95.33333333333334,0.6041175925925927,0.998,0.3385899470899471,7556622.0,17.8335,4.0,136541.48333333334
156,167,2022-09-22 08:05:11,252557.74545454545,2022-09-22 08:05:11,2340,39.0,63.66666666666666,0.6028574074074075,0.9888571428571428,0.3308762626262626,7968696.0,20.322,4.0,202175.86666666667
157,168,2022-09-22 08:05:26,249537.7090909091,2022-09-22 08:05:26,2355,39.25,69.66666666666667,0.6015972222222223,0.969,0.3792430555555556,7408836.0,16.262249999999998,4.0,246213.9
158,169,2022-09-22 08:05:41,246100.2727272727,2022-09-22 08:05:41,2370,39.5,85.58333333333333,0.5759722222222223,0.9459183673469388,0.4036944444444444,7597482.0,17.80325,4.0,256929.26666666663
159,170,2022-09-22 08:05:56,242700.92727272725,2022-09-22 08:05:56,2385,39.75,112.66666666666669,0.5236111111111111,0.959,0.4562291666666667,6497454.0,19.04325,4.0,257706.01666666663
160,171,2022-09-22 08:06:11,242914.9360134712,2022-09-22 08:06:11,2400,40.0,112.08333333333331,0.4865694444444445,0.9663673469387756,0.4958055555555556,6737208.0,19.8435,4.0,252114.3
161,172,2022-09-22 08:06:26,246711.92619263235,2022-09-22 08:06:26,2415,40.25,120.41666666666666,0.4825902777777778,0.979,0.4994722222222222,5964294.0,20.442,4.0,249730.05
162,173,2022-09-22 08:06:41,250457.34545454543,2022-09-22 08:06:41,2430,40.5,120.33333333333334,0.4700555555555555,0.951,0.5128333333333334,6351864.0,21.589,4.0,241809.78333333333
163,174,2022-09-22 08:06:56,254260.5078558004,2022-09-22 08:06:56,2445,40.75,120.33333333333331,0.4693124999999999,0.945,0.5136875,5785908.0,22.013,4.0,243085.16666666663
164,175,2022-09-22 08:07:11,254180.67325815285,2022-09-22 08:07:11,2460,41.0,112.75,0.4518541666666666,0.9128039215686274,0.5316527777777778,6091944.0,14.9825,4.0,241144.76666666663
165,176,2022-09-22 08:07:26,251418.32727272727,2022-09-22 08:07:26,2475,41.25,105.25,0.4239861111111111,0.909,0.5619097222222221,6128430.0,24.2355,4.0,238415.3
166,177,2022-09-22 08:07:41,248308.61818181816,2022-09-22 08:07:41,2490,41.5,106.0,0.3987013888888889,0.9320588235294118,0.5883263888888889,6261816.0,24.67275,4.0,240559.21666666667
167,178,2022-09-22 08:07:56,245229.05792714973,2022-09-22 08:07:56,2505,41.75,104.66666666666669,0.3909722222222223,0.922,0.5969722222222221,6349134.0,24.775,4.0,238412.8
168,179,2022-09-22 08:08:11,245162.74545454545,2022-09-22 08:08:11,2520,42.0,114.6,0.706637037037037,0.996,0.2869925925925925,8903519.5,3.5378000000000003,5.0,2645.6833333333334
169,180,2022-09-22 08:08:26,246961.0106440384,2022-09-22 08:08:26,2535,42.25,127.14285714285714,0.5549502645502646,0.8867102040816326,0.4327989417989417,11457905.0,16.947,5.0,71784.13333333335
170,181,2022-09-22 08:08:41,248560.3818181818,2022-09-22 08:08:41,2550,42.5,141.0,0.4839861111111111,0.8728,0.5045324074074073,11884421.0,27.4604,5.0,128022.13333333332
171,182,2022-09-22 08:08:56,250592.68315395716,2022-09-22 08:08:56,2565,42.75,186.0,0.4406329966329966,0.8890352941176471,0.5466363636363635,12061325.0,28.666400000000003,5.0,190373.15
172,183,2022-09-22 08:09:11,250791.2608572038,2022-09-22 08:09:11,2580,43.0,120.41666666666669,0.3983,0.8855999999999999,0.5895222222222223,11298442.0,48.0024,5.0,251854.6833333333
173,184,2022-09-22 08:09:26,249993.18181818185,2022-09-22 08:09:26,2595,43.25,117.41666666666669,0.3560944444444445,0.8827294117647059,0.6334166666666667,11316562.0,27.8228,5.0,249042.8333333333
174,185,2022-09-22 08:09:41,249338.94545454544,2022-09-22 08:09:41,2610,43.5,123.08333333333331,0.3589722222222222,0.8882039215686274,0.6296166666666666,11311782.0,43.1218,5.0,257574.15
175,186,2022-09-22 08:09:56,248605.91708129388,2022-09-22 08:09:56,2625,43.75,128.33333333333334,0.36955,0.8865306122448978,0.6190722222222222,11286492.0,46.8066,5.0,257624.85
176,187,2022-09-22 08:10:11,247277.1826910413,2022-09-22 08:10:11,2640,44.0,130.41666666666666,0.3706777777777778,0.8735999999999999,0.6175833333333335,11222817.0,46.322,5.0,258112.31666666668
177,188,2022-09-22 08:10:26,243471.54220772133,2022-09-22 08:10:26,2655,44.25,123.08333333333331,0.3847055555555555,0.8912,0.6046722222222221,11536343.0,40.7238,5.0,248760.31666666668
178,189,2022-09-22 08:10:41,239951.4148418958,2022-09-22 08:10:41,2670,44.5,118.5,0.4041888888888889,0.892604081632653,0.5852611111111112,11437783.0,9.9968,5.0,252400.9
179,190,2022-09-22 08:10:56,236382.18181818185,2022-09-22 08:10:56,2685,44.75,115.83333333333334,0.5077773569023569,0.8545893920990224,0.4834217171717171,11324350.0,27.1734,6.0,204382.03333333333
180,191,2022-09-22 08:11:11,233326.2708241615,2022-09-22 08:11:11,2700,45.0,108.44444444444444,0.5634823232323233,0.8123333333333334,0.4283388047138047,10275732.0,17.905833333333337,6.0,39875.11666666667
181,192,2022-09-22 08:11:26,227837.0250885156,2022-09-22 08:11:26,2715,45.25,117.33333333333334,0.4953339105339105,0.8056326530612246,0.4953271284271285,10713532.0,27.4325,6.0,94804.6
182,193,2022-09-22 08:11:41,222768.45567070285,2022-09-22 08:11:41,2730,45.5,131.0,0.4465,0.7687320261437909,0.5435063973063972,11052732.0,38.20766666666667,6.0,154535.85
183,194,2022-09-22 08:11:56,217540.51666146703,2022-09-22 08:11:56,2745,45.75,112.66666666666669,0.4502222222222222,0.7780261437908498,0.5407407407407407,11019424.0,27.521833333333337,6.0,222168.96666666667
184,195,2022-09-22 08:12:11,214912.47272727272,2022-09-22 08:12:11,2760,46.0,122.75,0.3768703703703704,0.7826666666666666,0.6127268518518517,9841188.0,29.0685,6.0,253130.53333333333
185,196,2022-09-22 08:12:26,212041.81818181815,2022-09-22 08:12:26,2775,46.25,132.41666666666666,0.3651064814814815,0.7906666666666666,0.623773148148148,9846408.0,23.60333333333333,6.0,267420.6166666667
186,197,2022-09-22 08:12:41,208707.8908616336,2022-09-22 08:12:41,2790,46.5,106.58333333333331,0.3442962962962962,0.7320653594771241,0.646,7609520.0,1.2415,6.0,272938.05
187,198,2022-09-22 08:12:56,205689.5818181818,2022-09-22 08:12:56,2805,46.75,76.91666666666669,0.3285046296296296,0.7520915032679739,0.6626203703703704,7611628.0,15.064166666666669,6.0,266037.60000000003
188,199,2022-09-22 08:13:11,203078.17178542027,2022-09-22 08:13:11,2820,47.0,52.16666666666665,0.3017824074074074,0.7004967320261438,0.6916666666666668,4612308.0,0.1036666666666666,6.0,254270.2333333333
189,200,2022-09-22 08:13:26,199675.4363636364,2022-09-22 08:13:26,2835,47.25,36.0,0.2677175925925926,0.6812549019607843,0.7278379629629628,4616900.0,6.362666666666666,6.0,241101.35
190,201,2022-09-22 08:13:41,195894.8363636364,2022-09-22 08:13:41,2850,47.5,48.41666666666666,0.2437361111111111,0.6714285714285714,0.752037037037037,3182268.0,1.586833333333333,6.0,230933.21666666667
191,202,2022-09-22 08:13:56,192394.45454545453,2022-09-22 08:13:56,2865,47.75,43.83333333333333,0.2089722222222222,0.634,0.78775,3182368.0,0.0031666666666666,6.0,221961.5166666667
192,203,2022-09-22 08:14:11,191150.1272727273,2022-09-22 08:14:11,2880,48.0,36.083333333333336,0.1760324074074074,0.5739607843137255,0.8213564814814815,1167792.0,0.0351666666666666,6.0,210792.13333333333
193,204,2022-09-22 08:14:26,190306.23636363636,2022-09-22 08:14:26,2895,48.25,27.0,0.1467731481481481,0.585045751633987,0.8514305555555556,1172808.0,0.004,6.0,201834.5166666667
194,205,2022-09-22 08:14:41,189180.85454545447,2022-09-22 08:14:41,2910,48.5,8.25,0.1273981481481481,0.554248366013072,0.8718472222222224,46172.0,0.0171666666666666,6.0,193937.95
195,206,2022-09-22 08:14:56,188603.0505865609,2022-09-22 08:14:56,2925,48.75,3.0000000000000004,0.1124991582491582,0.552,0.8873341750841752,18836.0,0.0075,6.0,126289.35
196,207,2022-09-22 08:15:11,185753.29387482564,2022-09-22 08:15:11,2940,49.0,72.5,0.4205228703703703,0.998,0.5758049074074073,1508136.0,2.9685,4.0,15583.366666666669
197,208,2022-09-22 08:15:26,179736.7818181818,2022-09-22 08:15:26,2955,49.25,75.0,0.3009826984126984,0.7226734693877551,0.6925506349206348,1508136.0,0.0245,4.0,78704.51666666668
198,209,2022-09-22 08:15:41,173899.6,2022-09-22 08:15:41,2970,49.5,61.0,0.2338060185185185,0.6479999999999999,0.7616370370370372,1508136.0,0.0075,4.0,120535.48333333334
199,210,2022-09-22 08:15:56,167514.96363636362,2022-09-22 08:15:56,2985,49.75,47.81818181818181,0.2736069023569024,0.661,0.7206506734006735,1508136.0,0.0314999999999999,4.0,162212.48333333334
200,211,2022-09-22 08:16:11,165227.05454545454,2022-09-22 08:16:11,3000,50.0,33.49999999999999,0.2333194444444444,0.643,0.7603194444444444,67560.0,0.0355,4.0,196299.4833333333
201,212,2022-09-22 08:16:26,162857.9818181818,2022-09-22 08:16:26,3015,50.25,17.333333333333332,0.1766319444444444,0.6237551020408163,0.821923611111111,67560.0,0.0345,4.0,163989.73333333334
202,213,2022-09-22 08:16:41,160431.41818181815,2022-09-22 08:16:41,3030,50.5,15.083333333333334,0.168,0.607,0.8307430555555555,55032.0,0.01425,4.0,161549.6
203,214,2022-09-22 08:16:56,157627.25454545452,2022-09-22 08:16:56,3045,50.75,15.833333333333334,0.1618055555555555,0.6289999999999999,0.836875,55320.0,0.0305,4.0,158986.81666666665
204,215,2022-09-22 08:17:11,154368.45454545453,2022-09-22 08:17:11,3060,51.0,16.833333333333332,0.1519583333333333,0.532,0.8466388888888888,41676.0,0.011,4.0,156170.58333333334
205,216,2022-09-22 08:17:26,146782.6909090909,2022-09-22 08:17:26,3075,51.25,15.090909090909092,0.1415776515151515,0.5097959183673471,0.8570675505050503,35652.0,0.0023333333333333,4.0,111963.81666666668
206,217,2022-09-22 08:17:41,139725.76363636364,2022-09-22 08:17:41,3090,51.5,43.0,0.4831185185185185,0.9946666666666668,0.5142910052910054,1289952.0,2.504666666666667,3.0,7257.466666666666
207,218,2022-09-22 08:17:56,132718.58181818182,2022-09-22 08:17:56,3105,51.75,45.0,0.3320285714285714,0.6280544217687074,0.6620952380952381,1289952.0,0.0026666666666666,3.0,62011.61666666667
208,219,2022-09-22 08:18:11,130299.63636363634,2022-09-22 08:18:11,3120,52.0,33.33333333333333,0.2647374338624338,0.6122448979591837,0.7312526455026456,1289952.0,0.0023333333333333,3.0,94710.93333333332
209,220,2022-09-22 08:18:26,129560.07272727272,2022-09-22 08:18:26,3135,52.25,27.5,0.2706015151515151,0.6106666666666667,0.7250863636363637,1289952.0,0.003,3.0,126789.16666666666
210,221,2022-09-22 08:18:41,129203.6909090909,2022-09-22 08:18:41,3150,52.5,22.25,0.252074074074074,0.6146666666666667,0.7421296296296296,62608.0,0.0023333333333333,3.0,151575.6
211,222,2022-09-22 08:18:56,128529.61818181816,2022-09-22 08:18:56,3165,52.75,12.75,0.22175,0.604,0.7755648148148148,67384.0,0.0023333333333333,3.0,128929.38333333332
212,223,2022-09-22 08:19:11,125082.94545454546,2022-09-22 08:19:11,3180,53.0,10.25,0.2221018518518518,0.5653333333333334,0.7754907407407408,69552.0,0.1686666666666666,3.0,127086.53333333333
213,224,2022-09-22 08:19:26,116546.8909090909,2022-09-22 08:19:26,3195,53.25,9.083333333333332,0.2089074074074074,0.48,0.7889537037037038,69552.0,0.1686666666666666,3.0,119586.46666666667
214,225,2022-09-22 08:19:41,108494.3818181818,2022-09-22 08:19:41,3210,53.5,11.333333333333334,0.1976351851851852,0.48,0.7999333333333333,40768.0,0.003,2.0,74635.53333333333
215,226,2022-09-22 08:19:56,100479.07272727272,2022-09-22 08:19:56,3225,53.75,49.333333333333336,0.4304835978835979,0.996,0.5633269841269841,1486464.0,4.3485,2.0,21801.833333333336
216,227,2022-09-22 08:20:11,96796.30909090908,2022-09-22 08:20:11,3240,54.0,69.83333333333333,0.3648833333333333,0.604,0.6255722222222221,1486464.0,0.131,2.0,59517.86666666667
217,228,2022-09-22 08:20:26,92595.27272727272,2022-09-22 08:20:26,3255,54.25,55.22222222222222,0.3088592592592593,0.574,0.6837037037037037,1486464.0,0.1285,2.0,80518.63333333333
218,229,2022-09-22 08:20:41,89130.98181818181,2022-09-22 08:20:41,3270,54.5,46.66666666666666,0.4676944444444444,0.58,0.5174166666666667,1486464.0,0.0025,2.0,101553.68333333332
219,230,2022-09-22 08:20:56,84916.61818181818,2022-09-22 08:20:56,3285,54.75,42.25000000000001,0.3299861111111111,0.5800000000000001,0.6565972222222222,74664.0,0.1215,2.0,100663.88333333332
220,231,2022-09-22 08:21:11,82499.01818181817,2022-09-22 08:21:11,3300,55.0,20.83333333333333,0.2536944444444444,0.5,0.7397916666666665,74664.0,0.038,2.0,83668.8
221,232,2022-09-22 08:21:26,79459.72807938282,2022-09-22 08:21:26,3315,55.25,16.833333333333332,0.2434861111111111,0.6622448979591837,0.7513194444444444,76092.0,0.0305,2.0,80713.5
222,233,2022-09-22 08:21:41,76397.43636363636,2022-09-22 08:21:41,3330,55.5,14.5,0.2595694444444444,0.5503137254901961,0.7360416666666667,98316.0,0.009,2.0,77752.55
223,234,2022-09-22 08:21:56,73315.41818181818,2022-09-22 08:21:56,3345,55.75,11.545454545454549,0.5066090909090909,0.611764705882353,0.4915747474747475,1170576.0,9.92,1.0,0.0
224,235,2022-09-22 08:22:11,72572.63636363635,2022-09-22 08:22:11,3360,56.0,23.75,0.422986111111111,0.996,0.5725337301587301,1313952.0,12.91,1.0,17209.933333333334
225,236,2022-09-22 08:22:26,72751.2909090909,2022-09-22 08:22:26,3375,56.25,46.285714285714285,0.4244214285714285,0.9803921568627452,0.5681023809523811,1318704.0,13.682,1.0,36916.7
226,237,2022-09-22 08:22:41,72810.45454545453,2022-09-22 08:22:41,3390,56.5,59.5,0.3854444444444445,0.9803921568627452,0.6079444444444444,1419696.0,8.884,1.0,56678.63333333333
227,238,2022-09-22 08:22:56,73027.25454545453,2022-09-22 08:22:56,3405,56.75,68.41666666666667,0.6221666666666668,0.996,0.3550277777777778,1419696.0,13.767,1.0,77064.6
228,239,2022-09-22 08:23:11,70621.83636363635,2022-09-22 08:23:11,3420,57.0,73.75,0.6142222222222222,0.996,0.3611944444444445,1419696.0,12.854,1.0,79472.3
229,240,2022-09-22 08:23:26,64875.65454545454,2022-09-22 08:23:26,3435,57.25,67.58333333333333,0.6115277777777778,1.0,0.3659444444444444,1169808.0,1.847,1.0,80043.98333333334
230,241,2022-09-22 08:23:41,59176.27272727272,2022-09-22 08:23:41,3450,57.5,61.08333333333333,0.572861111111111,0.7346938775510204,0.4067777777777778,1169808.0,0.487,1.0,75967.28333333334
231,242,2022-09-22 08:23:56,53499.07272727272,2022-09-22 08:23:56,3465,57.75,54.25,0.5131666666666668,0.664,0.46875,523824.0,0.443,1.0,68638.58333333333
232,243,2022-09-22 08:24:11,53469.81818181818,2022-09-22 08:24:11,3480,58.0,56.83333333333333,0.4462222222222222,0.816,0.5348333333333333,523824.0,0.589,1.0,62442.18333333333
233,244,2022-09-22 08:24:26,56571.89090909091,2022-09-22 08:24:26,3495,58.25,53.25,0.3994444444444444,0.816,0.5828055555555556,73752.0,0.453,1.0,58040.23333333333
234,245,2022-09-22 08:24:41,59663.0909090909,2022-09-22 08:24:41,3510,58.5,45.083333333333336,0.3914166666666666,0.812,0.5935555555555555,80784.0,0.586,1.0,58231.5
235,246,2022-09-22 08:24:56,62895.85454545454,2022-09-22 08:24:56,3525,58.75,45.0,0.4094722222222222,0.84,0.5755277777777779,81096.0,0.575,1.0,61050.73333333333
236,247,2022-09-22 08:25:11,61935.47272727272,2022-09-22 08:25:11,3540,59.0,39.66666666666666,0.4230277777777778,0.656,0.56375,81096.0,0.441,1.0,63064.46666666667
237,248,2022-09-22 08:25:26,58345.2,2022-09-22 08:25:26,3555,59.25,37.0,0.4023888888888889,0.692,0.5852777777777777,80160.0,0.432,1.0,59752.96666666667
238,249,2022-09-22 08:25:41,54754.23636363636,2022-09-22 08:25:41,3570,59.5,35.666666666666664,0.3788333333333333,0.648,0.6092777777777778,80160.0,0.423,1.0,56441.46666666667
239,250,2022-09-22 08:25:56,51108.03636363636,2022-09-22 08:25:56,3585,59.75,34.333333333333336,0.3554166666666666,0.704,0.6331388888888889,73512.0,0.498,1.0,53129.96666666667
240,251,2022-09-22 08:26:11,51310.4,2022-09-22 08:26:11,3600,60.0,35.75,0.34125,0.768,0.6468333333333333,74688.0,0.478,1.0,50543.66666666666
241,252,2022-09-22 08:26:26,53601.31665452165,2022-09-22 08:26:26,3615,60.25,39.083333333333336,0.3598611111111111,0.8196078431372549,0.6271111111111111,74688.0,0.815,1.0,52671.16666666666
242,253,2022-09-22 08:26:41,55817.47272727272,2022-09-22 08:26:41,3630,60.5,41.91666666666666,0.3829166666666666,0.752,0.603111111111111,89976.0,0.483,1.0,54798.66666666666
243,254,2022-09-22 08:26:56,58232.490909090906,2022-09-22 08:26:56,3645,60.75,41.75,0.4006666666666666,0.76,0.5854166666666667,89976.0,0.478,1.0,56926.16666666666
244,255,2022-09-22 08:27:11,57778.29090909091,2022-09-22 08:27:11,3660,61.0,38.83333333333333,0.4076944444444444,0.672,0.5793611111111112,89976.0,0.486,1.0,58491.833333333336
245,256,2022-09-22 08:27:26,55427.218181818185,2022-09-22 08:27:26,3675,61.25,37.91666666666666,0.3931944444444444,0.68,0.5941666666666667,70560.0,0.503,1.0,56405.583333333336
246,257,2022-09-22 08:27:41,53164.45433786634,2022-09-22 08:27:41,3690,61.5,33.916666666666664,0.3615277777777778,0.64,0.6271666666666668,78048.0,0.605,1.0,54319.333333333336
247,258,2022-09-22 08:27:56,50971.74545454545,2022-09-22 08:27:56,3705,61.75,33.0,0.3411944444444444,0.648,0.6478055555555555,79224.0,0.377,1.0,52233.083333333336
248,259,2022-09-22 08:28:11,51998.92235828459,2022-09-22 08:28:11,3720,62.0,30.583333333333336,0.3280555555555555,0.8,0.66175,80568.0,0.469,1.0,50885.0
249,260,2022-09-22 08:28:26,55793.74545454545,2022-09-22 08:28:26,3735,62.25,29.916666666666668,0.3438055555555556,0.788,0.6462222222222221,80568.0,0.431,1.0,54335.0
250,261,2022-09-22 08:28:41,59468.90909090909,2022-09-22 08:28:41,3750,62.5,47.083333333333336,0.3749722222222222,0.824,0.6093333333333334,80568.0,0.446,1.0,57785.0
251,262,2022-09-22 08:28:56,63160.781818181815,2022-09-22 08:28:56,3765,62.75,49.5,0.3958055555555554,0.804,0.5876944444444444,77064.0,0.475,1.0,61235.0
252,263,2022-09-22 08:29:11,63907.50909090909,2022-09-22 08:29:11,3780,63.0,59.16666666666666,0.4160277777777777,0.816,0.56425,81840.0,0.557,1.0,64142.1
253,264,2022-09-22 08:29:26,63373.56363636364,2022-09-22 08:29:26,3795,63.25,57.5,0.4140833333333333,0.796,0.56675,81840.0,0.361,1.0,63520.35
254,265,2022-09-22 08:29:41,62719.09090909091,2022-09-22 08:29:41,3810,63.5,45.41666666666667,0.4031944444444444,0.772,0.5816666666666667,81840.0,0.35,1.0,62898.6
255,266,2022-09-22 08:29:56,61888.14545454545,2022-09-22 08:29:56,3825,63.75,41.333333333333336,0.39675,0.808,0.5894722222222222,80904.0,0.559,1.0,62276.85
256,267,2022-09-22 08:30:11,61863.98181818181,2022-09-22 08:30:11,3840,64.0,42.25,0.3926944444444444,0.8,0.5932222222222222,80904.0,0.501,1.0,61769.1
257,268,2022-09-22 08:30:26,62045.8,2022-09-22 08:30:26,3855,64.25,43.333333333333336,0.3965555555555556,0.848,0.589,72720.0,0.492,1.0,62002.35
258,269,2022-09-22 08:30:41,62285.781818181815,2022-09-22 08:30:41,3870,64.5,40.91666666666666,0.4066944444444444,0.836,0.5796666666666668,76584.0,0.549,1.0,62235.6
259,270,2022-09-22 08:30:56,62497.745454545446,2022-09-22 08:30:56,3885,64.75,44.83333333333334,0.406861111111111,0.808,0.5781944444444443,86376.0,0.569,1.0,62468.85
260,271,2022-09-22 08:31:11,64820.145454545454,2022-09-22 08:31:11,3900,65.0,42.41666666666667,0.4118333333333334,0.996,0.5740277777777777,103920.0,0.764,1.0,63202.6
261,272,2022-09-22 08:31:26,70202.88848460634,2022-09-22 08:31:26,3915,65.25,50.5,0.4558333333333333,1.0,0.5273333333333332,132528.0,0.868,1.0,67490.15
262,273,2022-09-22 08:31:41,74969.62444428651,2022-09-22 08:31:41,3930,65.5,67.5,0.4988055555555556,1.0,0.4786944444444445,162672.0,3.757,1.0,71294.96666666666
263,274,2022-09-22 08:31:56,80021.90895338092,2022-09-22 08:31:56,3945,65.75,76.33333333333334,0.5559444444444445,0.984313725490196,0.4186111111111111,427368.0,3.666,1.0,72158.08333333333
264,275,2022-09-22 08:32:11,82352.41818181817,2022-09-22 08:32:11,3960,66.0,86.83333333333333,0.6082777777777778,0.992,0.3627777777777777,427368.0,6.699,1.0,76017.98333333334
265,276,2022-09-22 08:32:26,84550.03636363635,2022-09-22 08:32:26,3975,66.25,89.58333333333333,0.6099722222222221,1.0,0.3601666666666666,765624.0,7.736,1.0,76306.05
266,277,2022-09-22 08:32:41,87406.94545454545,2022-09-22 08:32:41,3990,66.5,89.36363636363637,0.8724545454545455,0.996,0.1176161616161616,1102530.0,2.3695,2.0,0.0
267,278,2022-09-22 08:32:56,89980.5090909091,2022-09-22 08:32:56,4005,66.75,92.0,0.6375972222222221,0.8140000000000001,0.3473472222222222,1439436.0,14.454,2.0,20465.783333333333
268,279,2022-09-22 08:33:11,93017.49349865364,2022-09-22 08:33:11,4020,67.0,86.6,0.5821313492063492,0.866,0.404284126984127,2377212.0,17.1645,2.0,37689.66666666666
269,280,2022-09-22 08:33:26,98975.63636363635,2022-09-22 08:33:26,4035,67.25,104.5,0.5741727272727274,0.882,0.4084656565656565,2618652.0,18.151,2.0,62718.9
270,281,2022-09-22 08:33:41,105043.16363636364,2022-09-22 08:33:41,4050,67.5,46.25,0.4815,0.856,0.5064166666666666,2087400.0,15.033,2.0,92112.4
271,282,2022-09-22 08:33:56,110763.58181818182,2022-09-22 08:33:56,4065,67.75,75.33333333333334,0.4872638888888888,0.866,0.497125,2087400.0,15.9585,2.0,100810.75
272,283,2022-09-22 08:34:11,113171.54545454546,2022-09-22 08:34:11,4080,68.0,92.41666666666669,0.4951111111111111,0.892,0.4857916666666666,2081148.0,15.49,2.0,111993.9
273,284,2022-09-22 08:34:26,114981.63636363635,2022-09-22 08:34:26,4095,68.25,89.83333333333333,0.5008194444444445,0.912,0.4798749999999999,2001744.0,14.6055,2.0,116657.53333333333
274,285,2022-09-22 08:34:41,116652.87272727273,2022-09-22 08:34:41,4110,68.5,89.58333333333333,0.50275,0.888,0.4781805555555555,2001744.0,13.487,2.0,119449.0
275,286,2022-09-22 08:34:56,118570.2909090909,2022-09-22 08:34:56,4125,68.75,83.5,0.5024305555555555,0.882,0.4788333333333334,1989156.0,11.1215,2.0,124954.6
276,287,2022-09-22 08:35:11,121287.56363636364,2022-09-22 08:35:11,4140,69.0,78.58333333333334,0.5070972222222223,0.964,0.4744861111111111,1989300.0,10.997,2.0,128356.3
277,288,2022-09-22 08:35:26,126788.7818181818,2022-09-22 08:35:26,4155,69.25,84.25,0.5171388888888889,0.9293333333333332,0.4637222222222222,1657896.0,10.68,2.0,132812.96666666667
278,289,2022-09-22 08:35:41,132230.45454545453,2022-09-22 08:35:41,4170,69.5,76.83333333333334,0.5283472222222222,0.9408571428571428,0.4531388888888889,1676064.0,10.3715,2.0,133393.35
279,290,2022-09-22 08:35:56,137707.5090909091,2022-09-22 08:35:56,4185,69.75,74.0,0.5416527777777778,0.9489803921568628,0.4414444444444445,1676064.0,9.517,2.0,134795.61666666667
280,291,2022-09-22 08:36:11,141216.45454545453,2022-09-22 08:36:11,4200,70.0,80.66666666666667,0.5516388888888889,0.99,0.4302083333333333,1675344.0,10.19,2.0,140623.1
281,292,2022-09-22 08:36:26,146510.8727272727,2022-09-22 08:36:26,4215,70.25,89.91666666666667,0.5614027777777778,0.992,0.4179722222222222,1723104.0,8.1375,2.0,145406.6
282,293,2022-09-22 08:36:41,151383.74545454545,2022-09-22 08:36:41,4230,70.5,97.08333333333331,0.5728472222222222,0.9089605734767026,0.4037638888888888,1813344.0,11.1365,2.0,151805.13333333333
283,294,2022-09-22 08:36:56,156607.36363636362,2022-09-22 08:36:56,4245,70.75,103.3,0.5640499999999999,0.9973333333333334,0.2634377777777778,3209704.0,19.22833333333333,3.0,4961.183333333333
284,295,2022-09-22 08:37:11,158439.8037462619,2022-09-22 08:37:11,4260,71.0,108.0,0.5552527777777777,0.908,0.3513361904761904,4020328.0,23.593666666666664,3.0,44049.4
285,296,2022-09-22 08:37:26,159760.55045878535,2022-09-22 08:37:26,4275,71.25,92.0,0.5464555555555556,0.9146122448979592,0.3812527777777778,4685280.0,21.531,3.0,81884.1
286,297,2022-09-22 08:37:41,161112.8727272727,2022-09-22 08:37:41,4290,71.5,110.0,0.5376583333333333,0.9253333333333332,0.4021166666666667,5058344.0,21.188666666666663,3.0,123572.46666666666
287,298,2022-09-22 08:37:56,162518.43636363634,2022-09-22 08:37:56,4305,71.75,82.25000000000001,0.5288611111111111,0.9146666666666668,0.4538796296296296,4600448.0,20.796666666666667,3.0,163398.26666666666
288,299,2022-09-22 08:38:11,164560.23636363636,2022-09-22 08:38:11,4320,72.0,72.41666666666666,0.5235555555555554,0.9346666666666668,0.4589166666666666,4614296.0,19.63433333333333,3.0,167282.01666666666
289,300,2022-09-22 08:38:26,169018.10909090907,2022-09-22 08:38:26,4335,72.25,77.5,0.5173148148148148,0.9212244897959184,0.4638611111111111,3808200.0,16.399,3.0,173029.13333333333
290,301,2022-09-22 08:38:41,173632.42598384726,2022-09-22 08:38:41,4350,72.5,71.25,0.5115092592592593,0.9437908496732026,0.4704722222222222,3962512.0,18.656333333333336,3.0,173243.80000000002
291,302,2022-09-22 08:38:56,178229.23636363636,2022-09-22 08:38:56,4365,72.75,65.5,0.5075925925925926,0.9226666666666666,0.4767037037037037,3677296.0,16.146,3.0,175145.09999999998
292,303,2022-09-22 08:39:11,180331.8,2022-09-22 08:39:11,4380,73.0,66.58333333333333,0.4969537037037036,0.9133333333333332,0.4875833333333333,3682400.0,15.445666666666668,3.0,180258.35
293,304,2022-09-22 08:39:26,183454.87272727277,2022-09-22 08:39:26,4395,73.25,66.75,0.5061666666666667,0.9733333333333332,0.4786481481481481,3595600.0,15.242666666666668,3.0,185446.7333333333
294,305,2022-09-22 08:39:41,186435.5090909091,2022-09-22 08:39:41,4410,73.5,74.33333333333334,0.5118333333333334,0.9493333333333334,0.472787037037037,3595600.0,12.871333333333334,3.0,192606.15
295,306,2022-09-22 08:39:56,189532.81818181815,2022-09-22 08:39:56,4425,73.75,91.91666666666669,0.5116666666666667,0.9173333333333332,0.4705833333333333,3463744.0,12.304666666666668,3.0,195340.95
296,307,2022-09-22 08:40:11,191676.6909090909,2022-09-22 08:40:11,4440,74.0,99.83333333333331,0.5192685185185186,0.968,0.4626666666666666,3463744.0,12.513,3.0,196421.8
297,308,2022-09-22 08:40:26,194866.32727272724,2022-09-22 08:40:26,4455,74.25,102.5,0.5167222222222222,0.9476601307189544,0.463787037037037,3582680.0,13.588,3.0,197518.76666666663
298,309,2022-09-22 08:40:41,198146.18181818185,2022-09-22 08:40:41,4470,74.5,105.0,0.5070648148148148,0.9620136054421768,0.4737685185185186,3594784.0,12.947666666666668,3.0,201030.4333333333
299,310,2022-09-22 08:40:56,201186.6909090909,2022-09-22 08:40:56,4485,74.75,87.41666666666667,0.513925925925926,0.9706666666666666,0.4687777777777778,3823672.0,14.501666666666669,3.0,200156.6
300,311,2022-09-22 08:41:11,203367.41818181815,2022-09-22 08:41:11,4500,75.0,79.0,0.7955658008658009,0.9852941176470588,0.1969363636363636,5346726.0,14.47875,4.0,0.0
301,312,2022-09-22 08:41:26,206893.81818181815,2022-09-22 08:41:26,4515,75.25,113.25,0.6171717687074829,0.9734897959183672,0.3649260204081633,6287022.0,21.23775,4.0,54245.21666666667
302,313,2022-09-22 08:41:41,210520.07272727272,2022-09-22 08:41:41,4530,75.5,87.57142857142857,0.5846574829931972,0.942,0.3995646258503401,7136898.0,15.062,4.0,106861.66666666669
303,314,2022-09-22 08:41:56,213442.63636363635,2022-09-22 08:41:56,4545,75.75,82.39999999999999,0.5772999999999999,1.0,0.406147619047619,7477584.0,24.2625,4.0,160996.5833333333
304,315,2022-09-22 08:42:11,216752.0545454545,2022-09-22 08:42:11,4560,76.0,87.33333333333333,0.5542777777777778,0.963686274509804,0.428875,6500316.0,13.373,4.0,222606.88333333336
305,316,2022-09-22 08:42:26,223032.70909090908,2022-09-22 08:42:26,4575,76.25,81.5,0.5372013888888889,0.972,0.4486111111111111,6564924.0,16.44,4.0,234713.03333333333
306,317,2022-09-22 08:42:41,228871.18181818185,2022-09-22 08:42:41,4590,76.5,80.16666666666666,0.5382916666666666,0.962,0.4463611111111111,5756322.0,16.78825,4.0,246706.4
307,318,2022-09-22 08:42:56,235573.4,2022-09-22 08:42:56,4605,76.75,68.16666666666666,0.5290902777777778,0.9715490196078432,0.454423611111111,5906904.0,12.0565,4.0,258575.93333333332
308,319,2022-09-22 08:43:11,236960.4346594112,2022-09-22 08:43:11,4620,77.0,77.41666666666667,0.5009305555555555,0.947,0.4834305555555555,5000958.0,10.4165,4.0,259535.35
309,320,2022-09-22 08:43:26,236920.41818181815,2022-09-22 08:43:26,4635,77.25,77.25,0.4766319444444444,0.953,0.5083263888888888,5001564.0,9.71375,4.0,253897.9166666667
310,321,2022-09-22 08:43:41,237046.18181818185,2022-09-22 08:43:41,4650,77.5,89.41666666666667,0.4576666666666667,0.944,0.5279861111111112,2651022.0,9.6235,4.0,250912.96666666667
311,322,2022-09-22 08:43:56,237109.9647192601,2022-09-22 08:43:56,4665,77.75,90.33333333333334,0.4418541666666666,0.9518163265306122,0.5444791666666666,2619114.0,9.9335,4.0,244532.85
312,323,2022-09-22 08:44:11,237802.81818181815,2022-09-22 08:44:11,4680,78.0,98.33333333333331,0.4504097222222222,0.9501960784313724,0.5358263888888889,2677782.0,10.33175,4.0,241459.96666666667
313,324,2022-09-22 08:44:26,240124.2181818181,2022-09-22 08:44:26,4695,78.25,90.08333333333331,0.4612430555555555,0.958,0.5254097222222223,2888982.0,9.95425,4.0,241642.38333333336
314,325,2022-09-22 08:44:41,242547.63636363635,2022-09-22 08:44:41,4710,78.5,76.0,0.4623402777777778,0.9464897959183672,0.5253888888888888,2892150.0,9.35325,4.0,243045.76666666663
315,326,2022-09-22 08:44:56,245124.52727272728,2022-09-22 08:44:56,4725,78.75,73.33333333333333,0.4616319444444445,0.9527755102040816,0.5270972222222222,2896710.0,9.107,4.0,245957.2333333333
316,327,2022-09-22 08:45:11,246824.9573231772,2022-09-22 08:45:11,4740,79.0,70.66666666666667,0.4550833333333334,0.9162169480137734,0.5348680555555554,2818890.0,7.88225,4.0,250261.4
317,328,2022-09-22 08:45:26,249943.99999999997,2022-09-22 08:45:26,4755,79.25,78.39999999999999,0.45554222222222224,0.9911333333333332,0.3663485596707819,4190120.5,8.7418,5.0,22500.6
318,329,2022-09-22 08:45:41,252826.4812784829,2022-09-22 08:45:41,4770,79.5,87.71428571428572,0.45600111111111113,0.9599673469387756,0.4409724867724868,5561351.0,12.6834,5.0,89102.41666666667
319,330,2022-09-22 08:45:56,255209.61818181816,2022-09-22 08:45:56,4785,79.75,88.0,0.45646,0.9576,0.4752150205761317,6207363.0,14.961799999999998,5.0,152625.99999999997
320,331,2022-09-22 08:46:11,254772.6727272727,2022-09-22 08:46:11,4800,80.0,120.0,0.4569188888888889,0.8928313725490196,0.4948945707070707,6513295.0,15.278,5.0,215189.2
321,332,2022-09-22 08:46:26,251518.3636363636,2022-09-22 08:46:26,4815,80.25,63.16666666666666,0.4573777777777777,0.8976000000000001,0.5336722222222222,4484799.0,8.35,5.0,249598.06666666665
322,333,2022-09-22 08:46:41,248494.90909090912,2022-09-22 08:46:41,4830,80.5,66.33333333333333,0.4221111111111111,0.8784,0.5705388888888888,4547951.0,14.629,5.0,247684.05
323,334,2022-09-22 08:46:56,245459.4727272727,2022-09-22 08:46:56,4845,80.75,72.91666666666667,0.3966166666666667,0.8848,0.5955222222222224,4122572.0,12.8736,5.0,247411.21666666667
324,335,2022-09-22 08:47:11,246086.19999999995,2022-09-22 08:47:11,4860,81.0,69.91666666666667,0.3879666666666666,0.9183020408163264,0.6047222222222224,4139292.0,5.7288,5.0,254119.96666666665
325,336,2022-09-22 08:47:26,249449.0727272727,2022-09-22 08:47:26,4875,81.25,65.41666666666666,0.4021222222222222,0.9270745098039216,0.5906055555555556,4013383.0,10.7004,5.0,261332.81666666665
326,337,2022-09-22 08:47:41,252820.8,2022-09-22 08:47:41,4890,81.5,59.50000000000001,0.4035555555555556,0.9239183673469388,0.5897055555555556,4160236.0,10.7838,5.0,264138.6666666666
327,338,2022-09-22 08:47:56,256772.44306968164,2022-09-22 08:47:56,4905,81.75,53.16666666666666,0.4134777777777778,0.9312,0.5803555555555556,3668900.0,5.867,5.0,267729.2
328,339,2022-09-22 08:48:11,256531.1512224953,2022-09-22 08:48:11,4920,82.0,56.41666666666666,0.4146222222222222,0.860562091503268,0.5792555555555556,3673112.0,11.405599999999998,5.0,268401.06666666665
329,340,2022-09-22 08:48:26,250326.03636363635,2022-09-22 08:48:26,4935,82.25,58.55555555555556,0.39559962962962963,0.8296190476190476,0.453270707070707,1791532.0,5.779833333333333,6.0,34494.583333333336
330,341,2022-09-22 08:48:41,245535.14545454545,2022-09-22 08:48:41,4950,82.5,63.5,0.37657703703703704,0.8173333333333335,0.5506590187590187,4028208.0,7.1565,6.0,86848.51666666669
331,342,2022-09-22 08:48:56,240022.1272727273,2022-09-22 08:48:56,4965,82.75,81.33333333333333,0.3575544444444444,0.8386666666666667,0.5762840909090909,4366208.0,15.024166666666666,6.0,142821.11666666667
332,343,2022-09-22 08:49:11,238779.5286265799,2022-09-22 08:49:11,4980,83.0,27.33333333333333,0.3385318518518518,0.8293333333333334,0.6358427128427128,4409024.0,6.856666666666667,6.0,206206.26666666663
333,344,2022-09-22 08:49:26,239326.7636363636,2022-09-22 08:49:26,4995,83.25,27.25,0.3195092592592592,0.7919999999999999,0.6774027777777777,3997248.0,14.782166666666669,6.0,236717.85000000003
334,345,2022-09-22 08:49:41,240314.90909090903,2022-09-22 08:49:41,5010,83.5,29.416666666666668,0.3112824074074074,0.7847573696145125,0.6852037037037036,3997248.0,4.764,6.0,248498.2333333333
335,346,2022-09-22 08:49:56,241533.50350509805,2022-09-22 08:49:56,5025,83.75,35.08333333333333,0.2809027777777778,0.7860915032679738,0.7161666666666665,3564124.0,3.7636666666666665,6.0,256259.06666666668
336,347,2022-09-22 08:50:11,240174.41818181812,2022-09-22 08:50:11,5040,84.0,36.75,0.263199074074074,0.7566666666666666,0.7342916666666668,3565724.0,13.2645,6.0,253649.4
337,348,2022-09-22 08:50:26,235729.0076263397,2022-09-22 08:50:26,5055,84.25,39.58333333333333,0.2579907407407407,0.7585578231292517,0.739638888888889,3371112.0,0.8926666666666666,6.0,249690.71666666667
338,349,2022-09-22 08:50:41,231836.63636363635,2022-09-22 08:50:41,5070,84.5,40.91666666666667,0.2498101851851851,0.7473333333333334,0.747675925925926,3371864.0,0.1521666666666666,6.0,248421.05
339,350,2022-09-22 08:50:56,227712.4727272727,2022-09-22 08:50:56,5085,84.75,52.66666666666666,0.2534398148148148,0.7306802721088435,0.7432499999999999,3197764.0,8.3605,6.0,247244.8
340,351,2022-09-22 08:51:11,226279.3889269993,2022-09-22 08:51:11,5100,85.0,53.66666666666667,0.2720138888888888,0.8042448979591836,0.7241296296296297,3333520.0,6.879666666666666,6.0,244865.8333333333
341,352,2022-09-22 08:51:26,225895.6050602573,2022-09-22 08:51:26,5115,85.25,46.083333333333336,0.2565509259259259,0.7314379084967322,0.7400231481481482,2172628.0,4.324666666666666,6.0,243932.7333333333
342,353,2022-09-22 08:51:41,225950.0656773014,2022-09-22 08:51:41,5130,85.5,38.0,0.2441712962962962,0.6986666666666668,0.752925925925926,2172628.0,2.1291666666666664,6.0,243833.4333333333
343,354,2022-09-22 08:51:56,225768.4909090909,2022-09-22 08:51:56,5145,85.75,26.083333333333336,0.2317222222222222,0.76,0.7661851851851852,1357944.0,0.4958333333333333,6.0,239206.65
344,355,2022-09-22 08:52:11,222649.47272727272,2022-09-22 08:52:11,5160,86.0,27.166666666666664,0.2089537037037037,0.5946666666666666,0.7892777777777777,1413328.0,0.0028333333333333,6.0,236718.11666666667
345,356,2022-09-22 08:52:26,216238.74545454545,2022-09-22 08:52:26,5175,86.25,22.916666666666668,0.176912037037037,0.5602585034013605,0.8216296296296298,222476.0,0.0046666666666666,6.0,226811.71666666667
346,357,2022-09-22 08:52:41,209114.34545454543,2022-09-22 08:52:41,5190,86.5,14.749999999999998,0.1563009259259259,0.6113333333333333,0.8426944444444444,222476.0,0.03,6.0,213893.9166666667
347,358,2022-09-22 08:52:56,202144.8728278365,2022-09-22 08:52:56,5205,86.75,11.833333333333334,0.1374583333333333,0.672,0.861699074074074,40776.0,0.0035,6.0,205767.3
348,359,2022-09-22 08:53:11,198776.05130524177,2022-09-22 08:53:11,5220,87.0,2.583333333333333,0.1005879629629629,0.5398745098039217,0.8992685185185185,36872.0,0.0146,6.0,165817.28333333333
349,360,2022-09-22 08:53:26,194884.50909090904,2022-09-22 08:53:26,5235,87.25,50.0,0.3874287037037037,0.999,0.6086231481481483,3235224.0,12.01925,4.0,25127.4
350,361,2022-09-22 08:53:41,191920.0,2022-09-22 08:53:41,5250,87.5,83.4,0.3394680952380952,0.996,0.6522063492063491,3235224.0,3.215,4.0,102643.56666666668
351,362,2022-09-22 08:53:56,188077.6082526816,2022-09-22 08:53:56,5265,87.75,66.125,0.2825249999999999,0.722530612244898,0.7100583333333332,3235224.0,0.065,4.0,160735.93333333335
352,363,2022-09-22 08:54:11,186914.2545454545,2022-09-22 08:54:11,5280,88.0,53.90909090909091,0.3051818181818181,0.7089183673469388,0.6867662337662338,3235224.0,0.02125,4.0,207189.35
353,364,2022-09-22 08:54:26,186463.1636363636,2022-09-22 08:54:26,5295,88.25,45.25,0.3398819444444445,0.7482941176470588,0.6486875,198798.0,0.0555,4.0,228565.4
354,365,2022-09-22 08:54:41,185409.72727272724,2022-09-22 08:54:41,5310,88.5,23.83333333333333,0.2338333333333333,0.7306666666666667,0.7616319444444445,198798.0,0.012,4.0,197056.75
355,366,2022-09-22 08:54:56,184805.8727272727,2022-09-22 08:54:56,5325,88.75,6.666666666666666,0.1859375,0.7225710284113646,0.8132847222222221,61368.0,0.0159999999999999,4.0,184594.66666666663
356,367,2022-09-22 08:55:11,182904.85454545447,2022-09-22 08:55:11,5340,89.0,1.3333333333333337,0.1803263888888888,0.6552420968387356,0.8194513888888889,61368.0,0.02625,4.0,183268.28333333333
357,368,2022-09-22 08:55:26,178600.7090909091,2022-09-22 08:55:26,5355,89.25,1.3333333333333333,0.1691458333333333,0.6603725490196077,0.8307430555555555,58812.0,0.05575,4.0,178907.09999999998
358,369,2022-09-22 08:55:41,174117.7818181818,2022-09-22 08:55:41,5370,89.5,2.666666666666666,0.1603888888888889,0.6713673469387755,0.8393888888888889,59736.0,0.003,4.0,175185.26666666666
359,370,2022-09-22 08:55:56,169749.2909090909,2022-09-22 08:55:56,5385,89.75,2.583333333333333,0.1482847222222222,0.6504509803921569,0.8515,56478.0,0.0385,4.0,171557.01666666666
360,371,2022-09-22 08:56:11,165621.8,2022-09-22 08:56:11,5400,90.0,2.583333333333333,0.1378888888888889,0.5577551020408164,0.8618958333333334,56478.0,0.00275,4.0,166327.06666666668
361,372,2022-09-22 08:56:26,157982.9818181818,2022-09-22 08:56:26,5415,90.25,2.583333333333333,0.1247152777777777,0.5595102040816327,0.8750694444444445,39666.0,0.0125,4.0,159250.75
362,373,2022-09-22 08:56:41,150602.03636363635,2022-09-22 08:56:41,5430,90.5,1.25,0.1137361111111111,0.548,0.8861597222222222,39666.0,0.01425,4.0,152392.56666666668
363,374,2022-09-22 08:56:56,142966.56363636363,2022-09-22 08:56:56,5445,90.75,65.0,0.4138994708994709,0.9672941176470587,0.5815052910052911,1889656.0,8.628,3.0,17913.0
364,375,2022-09-22 08:57:11,139653.43636363634,2022-09-22 08:57:11,5460,91.0,67.25,0.3335286848072562,0.8078095238095239,0.6588975056689343,1889656.0,0.0263333333333333,3.0,76098.16666666666
365,376,2022-09-22 08:57:26,136785.60153641718,2022-09-22 08:57:26,5475,91.25,43.0,0.2609645691609977,0.631156462585034,0.7337080498866212,1889656.0,0.0453333333333333,3.0,108927.01666666666
366,377,2022-09-22 08:57:41,133570.8909090909,2022-09-22 08:57:41,5490,91.5,33.2,0.2416863636363636,0.6054357743097238,0.753368181818182,1889656.0,0.0496666666666666,3.0,141155.28333333333
367,378,2022-09-22 08:57:56,130510.5636363636,2022-09-22 08:57:56,5505,91.75,30.25,0.2937777777777777,0.6165106042416967,0.6986851851851852,63504.0,0.0546666666666666,3.0,155794.43333333332
368,379,2022-09-22 08:58:11,128301.52829151468,2022-09-22 08:58:11,5520,92.0,11.416666666666668,0.2055648148148148,0.563891156462585,0.791425925925926,68320.0,0.0906666666666666,3.0,128776.65
369,380,2022-09-22 08:58:26,124673.23636363636,2022-09-22 08:58:26,5535,92.25,6.499999999999999,0.1984814814814815,0.5544623182606376,0.7995185185185185,61264.0,0.0983333333333333,3.0,125130.13333333332
370,381,2022-09-22 08:58:41,121140.26712508552,2022-09-22 08:58:41,5550,92.5,5.083333333333333,0.1868055555555555,0.5600272108843538,0.8119166666666666,61264.0,0.061,3.0,122109.1
371,382,2022-09-22 08:58:56,117482.45454545452,2022-09-22 08:58:56,5565,92.75,55.5,0.451225185185185,0.8999607843137255,0.5445274074074073,1683552.0,10.796,2.0,9927.133333333331
372,383,2022-09-22 08:59:11,114355.0181818182,2022-09-22 08:59:11,5580,93.0,69.4,0.3624320634920635,0.998,0.623738888888889,1683552.0,5.8315,2.0,42830.26666666666
373,384,2022-09-22 08:59:26,108385.5090909091,2022-09-22 08:59:26,5595,93.25,61.71428571428572,0.3496797619047619,0.808,0.6392392857142858,1683552.0,0.2215,2.0,79825.6
374,385,2022-09-22 08:59:41,102599.9818181818,2022-09-22 08:59:41,5610,93.5,49.50000000000001,0.3576219696969697,0.638,0.6324727272727273,1683552.0,0.211,2.0,104733.6
375,386,2022-09-22 08:59:56,96749.27272727272,2022-09-22 08:59:56,5625,93.75,49.25,0.4479722222222222,0.662,0.5364861111111111,264408.0,0.1675,2.0,128317.3
376,387,2022-09-22 09:00:11,94393.7818181818,2022-09-22 09:00:11,5640,94.0,32.91666666666667,0.3786111111111111,0.6361224489795918,0.6119305555555555,267660.0,0.243,2.0,109062.81666666668
377,388,2022-09-22 09:00:26,92508.81818181818,2022-09-22 09:00:26,5655,94.25,21.0,0.301486111111111,0.6405306122448979,0.6917222222222221,72048.0,0.158,2.0,94189.65
378,389,2022-09-22 09:00:41,90733.56363636364,2022-09-22 09:00:41,5670,94.5,21.083333333333336,0.2858194444444444,0.6266906762705082,0.7070833333333334,72048.0,0.1505,2.0,91355.98333333334
379,390,2022-09-22 09:00:56,88995.12495384549,2022-09-22 09:00:56,5685,94.75,20.83333333333333,0.2818472222222222,0.6494901960784314,0.7091388888888889,71316.0,0.1665,2.0,89824.70000000001
380,391,2022-09-22 09:01:11,86674.6374162749,2022-09-22 09:01:11,5700,95.0,21.0,0.277375,0.5231428571428571,0.7174583333333334,71316.0,0.192,2.0,87594.63333333333
381,392,2022-09-22 09:01:26,81978.30909090908,2022-09-22 09:01:26,5715,95.25,18.166666666666668,0.2637146464646465,0.5058823529411764,0.7318939393939394,32268.0,0.208,2.0,41516.55
382,393,2022-09-22 09:01:41,77227.65454545454,2022-09-22 09:01:41,5730,95.5,24.0,0.4198861111111111,1.0,0.5740416666666667,1211880.0,13.263,1.0,6869.383333333333
383,394,2022-09-22 09:01:56,72479.30909090908,2022-09-22 09:01:56,5745,95.75,38.4,0.3872095238095238,0.992,0.605542857142857,1300032.0,12.411,1.0,26691.466666666667
384,395,2022-09-22 09:02:11,71764.43636363636,2022-09-22 09:02:11,5760,96.0,43.875,0.3602083333333333,1.0,0.6336388888888889,1300032.0,13.37,1.0,47108.88333333333
385,396,2022-09-22 09:02:26,73290.07272727272,2022-09-22 09:02:26,5775,96.25,37.72727272727273,0.4413787878787878,0.9803921568627452,0.5498333333333334,1300032.0,13.394,1.0,62801.85
386,397,2022-09-22 09:02:41,74818.01818181819,2022-09-22 09:02:41,5790,96.5,43.91666666666666,0.6098055555555557,0.996,0.3755555555555555,1297896.0,13.387,1.0,75915.91666666667
387,398,2022-09-22 09:02:56,76361.58181818182,2022-09-22 09:02:56,5805,96.75,43.91666666666666,0.6018333333333333,1.0,0.3835277777777777,1297896.0,10.377,1.0,75839.35
388,399,2022-09-22 09:03:11,75627.59999999999,2022-09-22 09:03:11,5820,97.0,44.16666666666667,0.6065833333333333,0.996,0.3786944444444444,1331472.0,12.178,1.0,75870.98333333334
389,400,2022-09-22 09:03:26,72526.81182416463,2022-09-22 09:03:26,5835,97.25,63.083333333333336,0.6027222222222222,0.992,0.37625,1331472.0,8.229,1.0,80189.15
390,401,2022-09-22 09:03:41,69395.83636363636,2022-09-22 09:03:41,5850,97.5,68.41666666666667,0.6023055555555555,1.0,0.3748888888888889,1180992.0,8.212,1.0,80245.13333333333
391,402,2022-09-22 09:03:56,66313.47272727272,2022-09-22 09:03:56,5865,97.75,70.91666666666666,0.5979722222222222,1.0,0.3783888888888889,1180992.0,2.239,1.0,80272.81666666667
392,403,2022-09-22 09:04:11,63581.25454545455,2022-09-22 09:04:11,5880,98.0,83.83333333333333,0.5833055555555555,0.688,0.38875,822024.0,0.26,1.0,79101.33333333333
393,404,2022-09-22 09:04:26,58785.03636363636,2022-09-22 09:04:26,5895,98.25,63.583333333333336,0.5177500000000002,0.632,0.4610555555555555,822024.0,0.257,1.0,71073.95
394,405,2022-09-22 09:04:41,53999.65454545455,2022-09-22 09:04:41,5910,98.5,47.583333333333336,0.446111111111111,0.64,0.5380277777777777,104136.0,0.278,1.0,63018.26666666667
395,406,2022-09-22 09:04:56,49245.6293947879,2022-09-22 09:04:56,5925,98.75,42.333333333333336,0.3906111111111111,0.6489795918367347,0.5952777777777777,104136.0,0.293,1.0,55228.816666666666
396,407,2022-09-22 09:05:11,48443.58181818182,2022-09-22 09:05:11,5940,99.0,27.416666666666668,0.339,0.7061224489795919,0.6518611111111111,61776.0,0.305,1.0,48089.6
397,408,2022-09-22 09:05:26,49707.45467503661,2022-09-22 09:05:26,5955,99.25,32.58333333333333,0.340361111111111,0.716,0.6487777777777778,75528.0,0.228,1.0,49248.066666666666
398,409,2022-09-22 09:05:41,50973.4,2022-09-22 09:05:41,5970,99.5,43.08333333333333,0.3469444444444444,0.688,0.6386944444444445,75528.0,0.298,1.0,50408.6
399,410,2022-09-22 09:05:56,52237.87272727273,2022-09-22 09:05:56,5985,99.75,36.5,0.3548888888888888,0.732,0.6329444444444444,94032.0,0.237,1.0,51384.68333333333
400,411,2022-09-22 09:06:11,51261.07272727272,2022-09-22 09:06:11,6000,100.0,29.0,0.3657777777777777,0.572,0.6245555555555555,94032.0,0.237,1.0,52171.333333333336
401,412,2022-09-22 09:06:26,47974.27272727272,2022-09-22 09:06:26,6015,100.25,25.25,0.3406944444444444,0.5333333333333333,0.650888888888889,94032.0,0.293,1.0,49159.86666666667
402,413,2022-09-22 09:06:41,44683.96503496503,2022-09-22 09:06:41,6030,100.5,17.333333333333332,0.321611111111111,0.5450980392156862,0.6726111111111112,61224.0,0.264,1.0,46146.333333333336
403,414,2022-09-22 09:06:56,41402.55392590535,2022-09-22 09:06:56,6045,100.75,18.75,0.2946111111111111,0.552,0.6991388888888889,61224.0,0.293,1.0,43317.25
404,415,2022-09-22 09:07:11,41945.30909090909,2022-09-22 09:07:11,6060,101.0,22.75,0.2650555555555556,0.6901960784313725,0.7273611111111111,77928.0,0.247,1.0,40958.36666666667
405,416,2022-09-22 09:07:26,45512.10909090909,2022-09-22 09:07:26,6075,101.25,25.25,0.2965555555555555,0.7176470588235294,0.6950277777777778,81384.0,0.231,1.0,44223.61666666667
406,417,2022-09-22 09:07:41,49074.63636363636,2022-09-22 09:07:41,6090,101.5,25.083333333333336,0.3186666666666666,0.716,0.6729722222222222,81384.0,0.242,1.0,47488.86666666667
407,418,2022-09-22 09:07:56,52612.713157320526,2022-09-22 09:07:56,6105,101.75,28.83333333333333,0.3418888888888889,0.7142857142857143,0.6485,81384.0,0.261,1.0,50754.11666666667
408,419,2022-09-22 09:08:11,54340.52727272727,2022-09-22 09:08:11,6120,102.0,22.08333333333333,0.3765277777777778,0.8,0.616111111111111,69312.0,0.239,1.0,53827.15
409,420,2022-09-22 09:08:26,56331.545454545456,2022-09-22 09:08:26,6135,102.25,26.08333333333333,0.3789444444444445,0.808,0.6123611111111111,69312.0,0.217,1.0,55653.75
410,421,2022-09-22 09:08:41,58364.87272727273,2022-09-22 09:08:41,6150,102.5,30.0,0.3909166666666666,0.804,0.5990833333333333,69552.0,0.252,1.0,57509.23333333333
411,422,2022-09-22 09:08:56,60389.70909090909,2022-09-22 09:08:56,6165,102.75,28.83333333333333,0.4078888888888889,0.796078431372549,0.5825,79824.0,0.275,1.0,59363.71666666667
412,423,2022-09-22 09:09:11,60587.09090909091,2022-09-22 09:09:11,6180,103.0,35.166666666666664,0.4069444444444444,0.76,0.5813333333333334,79824.0,0.269,1.0,60847.48333333333
413,424,2022-09-22 09:09:26,59598.218181818185,2022-09-22 09:09:26,6195,103.25,32.333333333333336,0.3973611111111111,0.768,0.5918611111111111,79824.0,0.209,1.0,59930.05
414,425,2022-09-22 09:09:41,58530.63636363635,2022-09-22 09:09:41,6210,103.5,31.25,0.3903055555555554,0.744,0.5992777777777778,64944.0,0.268,1.0,58925.18333333333
415,426,2022-09-22 09:09:56,57506.18181818181,2022-09-22 09:09:56,6225,103.75,31.166666666666668,0.3779722222222222,0.736,0.611638888888889,64944.0,0.219,1.0,58047.2
416,427,2022-09-22 09:10:11,57610.3090909091,2022-09-22 09:10:11,6240,104.0,27.583333333333336,0.3774166666666666,0.7764705882352941,0.6133888888888888,64224.0,0.263,1.0,57335.566666666666
417,428,2022-09-22 09:10:26,58334.29090909091,2022-09-22 09:10:26,6255,104.25,27.5,0.3876388888888889,0.784,0.6031944444444444,69624.0,0.281,1.0,58107.9
418,429,2022-09-22 09:10:41,59197.38181818181,2022-09-22 09:10:41,6270,104.5,26.25,0.3947499999999999,0.828,0.5965,73440.0,0.222,1.0,58870.8
419,430,2022-09-22 09:10:56,60013.36363636364,2022-09-22 09:10:56,6285,104.75,30.25,0.4016666666666666,0.776,0.58825,73440.0,0.284,1.0,59643.78333333333
420,431,2022-09-22 09:11:11,61450.25454545454,2022-09-22 09:11:11,6300,105.0,31.08333333333333,0.4152777777777777,0.92,0.5743611111111111,76776.0,0.252,1.0,60436.18333333333
421,432,2022-09-22 09:11:26,64576.25639682886,2022-09-22 09:11:26,6315,105.25,36.66666666666666,0.442,0.9098039215686274,0.5457777777777778,94632.0,0.162,1.0,63420.2
422,433,2022-09-22 09:11:41,67701.45454545453,2022-09-22 09:11:41,6330,105.5,43.08333333333333,0.4705833333333333,0.92,0.5150555555555555,94632.0,0.257,1.0,66362.56666666667
423,434,2022-09-22 09:11:56,70799.47272727272,2022-09-22 09:11:56,6345,105.75,44.5,0.4925277777777778,0.9142857142857144,0.4926388888888889,98544.0,0.259,1.0,69219.96666666666
424,435,2022-09-22 09:12:11,73571.64797418701,2022-09-22 09:12:11,6360,106.0,53.16666666666666,0.5074444444444445,0.968,0.4748333333333333,132216.0,1.097,1.0,72000.06666666667
425,436,2022-09-22 09:12:26,78667.0,2022-09-22 09:12:26,6375,106.25,55.33333333333333,0.5308055555555555,0.996,0.45075,452736.0,2.247,1.0,71877.68333333333
426,437,2022-09-22 09:12:41,83542.30909090908,2022-09-22 09:12:41,6390,106.5,58.0,0.5536388888888889,0.996,0.4270277777777778,668688.0,6.148,1.0,73064.6
427,438,2022-09-22 09:12:56,88533.3818181818,2022-09-22 09:12:56,6405,106.75,57.91666666666666,0.5802777777777777,0.9803921568627452,0.4004166666666666,961896.0,6.177,1.0,74593.71666666666
428,439,2022-09-22 09:13:11,91898.37046958569,2022-09-22 09:13:11,6420,107.0,61.36363636363636,0.8691919191919192,0.994,0.123989898989899,974772.0,14.092,2.0,0.0
429,440,2022-09-22 09:13:26,97424.12727272726,2022-09-22 09:13:26,6435,107.25,59.25,0.6566944444444445,0.991877551020408,0.3340277777777777,2432868.0,21.2565,2.0,20359.45
430,441,2022-09-22 09:13:41,102919.21818181816,2022-09-22 09:13:41,6450,107.5,57.0,0.6453714285714286,0.99,0.3437079365079366,3244872.0,21.554,2.0,44155.8
431,442,2022-09-22 09:13:56,108350.3818181818,2022-09-22 09:13:56,6465,107.75,71.0,0.6282222222222221,0.866,0.3569444444444445,3541020.0,22.614,2.0,69118.51666666666
432,443,2022-09-22 09:14:11,111616.03636363636,2022-09-22 09:14:11,6480,108.0,40.91666666666666,0.5643749999999998,0.882,0.4224444444444444,2788380.0,21.533,2.0,97409.98333333334
433,444,2022-09-22 09:14:26,116278.56363636364,2022-09-22 09:14:26,6495,108.25,53.333333333333336,0.5496805555555555,0.9254117647058824,0.4344305555555555,2909580.0,20.6055,2.0,107332.68333333332
434,445,2022-09-22 09:14:41,121020.92003120888,2022-09-22 09:14:41,6510,108.5,73.5,0.5206527777777779,0.901921568627451,0.4613055555555556,2840148.0,20.163,2.0,115985.95
435,446,2022-09-22 09:14:56,125685.7818181818,2022-09-22 09:14:56,6525,108.75,85.58333333333334,0.5149861111111111,0.902,0.4647638888888888,2952684.0,21.169,2.0,120334.45
436,447,2022-09-22 09:15:11,127448.72727272726,2022-09-22 09:15:11,6540,109.0,78.5,0.528611111111111,0.95,0.4529305555555556,3104064.0,21.128,2.0,122171.46666666667
437,448,2022-09-22 09:15:26,128477.15432146724,2022-09-22 09:15:26,6555,109.25,88.66666666666667,0.529375,0.9368163265306122,0.45025,3151644.0,20.586,2.0,124765.31666666668
438,449,2022-09-22 09:15:41,129420.2181818182,2022-09-22 09:15:41,6570,109.5,89.72727272727273,0.5286296296296297,0.9605714285714286,0.2242859848484849,56148.0,0.0405,3.0,64651.18333333333
439,450,2022-09-22 09:15:56,130558.74545454544,2022-09-22 09:15:56,6585,109.75,77.125,0.5278842592592593,0.8694379084967321,0.3987925925925926,4477672.0,18.634,3.0,19690.033333333333
440,451,2022-09-22 09:16:11,133275.07272727272,2022-09-22 09:16:11,6600,110.0,93.8,0.5271388888888889,0.9061224489795918,0.4335168253968254,5130864.0,30.738666666666667,3.0,51397.9
441,452,2022-09-22 09:16:26,139532.74545454545,2022-09-22 09:16:26,6615,110.25,82.5,0.5263935185185186,0.9133333333333332,0.4441407407407408,5592256.0,21.49633333333333,3.0,85370.78333333333
442,453,2022-09-22 09:16:41,146450.0,2022-09-22 09:16:41,6630,110.5,61.66666666666666,0.5256481481481482,0.8999999999999999,0.4641574074074074,5709032.0,17.673333333333332,3.0,124448.4
443,454,2022-09-22 09:16:56,153091.0181818182,2022-09-22 09:16:56,6645,110.75,64.5,0.5130462962962962,0.9058300653594772,0.4741666666666667,5129656.0,15.828,3.0,146742.95
444,455,2022-09-22 09:17:11,155711.05165009,2022-09-22 09:17:11,6660,111.0,73.25,0.5130648148148148,0.9183673469387754,0.4726759259259259,5129656.0,13.791,3.0,162653.55
445,456,2022-09-22 09:17:26,158897.92727272725,2022-09-22 09:17:26,6675,111.25,73.66666666666666,0.5156018518518518,0.9333333333333332,0.4681851851851852,5029464.0,20.25166666666667,3.0,176043.75
446,457,2022-09-22 09:17:41,161659.42350258536,2022-09-22 09:17:41,6690,111.5,72.83333333333333,0.5166018518518518,0.932,0.4663981481481482,5029464.0,0.8406666666666668,3.0,184824.7333333333
447,458,2022-09-22 09:17:56,164322.16363636364,2022-09-22 09:17:56,6705,111.75,65.16666666666667,0.5061851851851852,0.864,0.4776388888888888,4503512.0,7.654333333333333,3.0,187375.45
448,459,2022-09-22 09:18:11,166819.2,2022-09-22 09:18:11,6720,112.0,75.83333333333334,0.4946111111111111,0.8854117647058823,0.4899351851851852,4505384.0,0.227,3.0,183063.6666666667
449,460,2022-09-22 09:18:26,169910.43636363634,2022-09-22 09:18:26,6735,112.25,82.58333333333333,0.4884351851851852,0.8893333333333333,0.4962129629629629,3456648.0,18.661666666666665,3.0,179719.25
450,461,2022-09-22 09:18:41,173477.9090909091,2022-09-22 09:18:41,6750,112.5,89.0,0.4816944444444445,0.9213333333333332,0.5023425925925926,3472824.0,7.557,3.0,175528.15000000002
451,462,2022-09-22 09:18:56,176891.0909090909,2022-09-22 09:18:56,6765,112.75,89.5,0.4912870370370369,0.9294117647058824,0.4916851851851852,3362840.0,4.614333333333334,3.0,179064.48333333334
452,463,2022-09-22 09:19:11,178737.41818181815,2022-09-22 09:19:11,6780,113.0,85.00000000000001,0.5028333333333334,0.932,0.4786759259259259,3373312.0,7.687666666666666,3.0,183751.26666666663
453,464,2022-09-22 09:19:26,181819.3818181818,2022-09-22 09:19:26,6795,113.25,71.16666666666667,0.5035648148148147,0.9053333333333332,0.4793425925925925,3104408.0,12.244333333333334,3.0,190441.53333333333
454,465,2022-09-22 09:19:41,184696.5903853178,2022-09-22 09:19:41,6810,113.5,62.91666666666666,0.4996018518518518,0.953795918367347,0.4850277777777778,3126416.0,12.464,3.0,195845.28333333333
455,466,2022-09-22 09:19:56,187694.10909090907,2022-09-22 09:19:56,6825,113.75,61.33333333333333,0.5025648148148149,0.9433469387755102,0.4817037037037037,2684592.0,1.2483333333333335,3.0,199667.7333333333
456,467,2022-09-22 09:20:11,189523.7504562561,2022-09-22 09:20:11,6840,114.0,60.16666666666666,0.4965833333333332,0.9466666666666668,0.4877222222222222,2684592.0,0.502,3.0,201611.25
457,468,2022-09-22 09:20:26,193408.90909090903,2022-09-22 09:20:26,6855,114.25,65.66666666666667,0.4934166666666666,0.9245170068027212,0.490712962962963,2208032.0,0.4496666666666666,3.0,202392.41666666663
458,469,2022-09-22 09:20:41,197210.2,2022-09-22 09:20:41,6870,114.5,64.25,0.4965462962962963,0.9502585034013606,0.4881759259259259,2208032.0,6.847,3.0,206265.68333333332
459,470,2022-09-22 09:20:56,201272.3636363636,2022-09-22 09:20:56,6885,114.75,69.83333333333334,0.4848981481481481,0.9420408163265306,0.5010370370370371,1845896.0,3.155666666666667,3.0,206636.63333333336
460,471,2022-09-22 09:21:11,204313.2181818182,2022-09-22 09:21:11,6900,115.0,73.58333333333334,0.4910277777777778,0.985516339869281,0.4950833333333332,1852576.0,0.392,3.0,209490.66666666663
461,472,2022-09-22 09:21:26,211728.7090909091,2022-09-22 09:21:26,6915,115.25,70.75,0.5120648148148148,0.9933333333333334,0.4729166666666667,1438536.0,1.9913333333333332,3.0,213375.5833333333
462,473,2022-09-22 09:21:41,218936.81818181815,2022-09-22 09:21:41,6930,115.5,70.08333333333334,0.5381574074074074,0.9959727891156462,0.4461944444444444,1931248.0,3.69,3.0,210378.0
463,474,2022-09-22 09:21:56,226747.9818181818,2022-09-22 09:21:56,6945,115.75,64.41666666666667,0.5718611111111112,0.9894640522875816,0.4117685185185185,2100232.0,8.649666666666668,3.0,212413.78333333333
464,475,2022-09-22 09:22:11,229827.6909090909,2022-09-22 09:22:11,6960,116.0,56.5,0.5974351851851852,0.9841307189542484,0.3851203703703704,2117000.0,4.977,3.0,218058.8333333333
465,476,2022-09-22 09:22:26,232538.7725928852,2022-09-22 09:22:26,6975,116.25,63.16666666666667,0.6089537037037037,0.996,0.3725462962962964,2139072.0,1.4736666666666665,3.0,221343.41666666663
466,477,2022-09-22 09:22:41,234858.85454545447,2022-09-22 09:22:41,6990,116.5,73.25,0.6135833333333333,0.9986666666666666,0.3654444444444443,2850104.0,6.879666666666667,3.0,220248.05
467,478,2022-09-22 09:22:56,237251.2262238716,2022-09-22 09:22:56,7005,116.75,73.30000000000001,0.7955238095238097,0.9930980392156864,0.1922095238095238,3180186.0,12.5715,4.0,4502.533333333334
468,479,2022-09-22 09:23:11,237712.1178547524,2022-09-22 09:23:11,7020,117.0,79.42857142857143,0.6618095238095238,0.9940392156862744,0.3211469387755101,5100648.0,9.60725,4.0,70721.91666666667
469,480,2022-09-22 09:23:26,236466.669064332,2022-09-22 09:23:26,7035,117.25,95.0,0.6286309523809523,0.942,0.3545357142857142,5952486.0,15.8045,4.0,125338.96666666667
470,481,2022-09-22 09:23:41,235652.10909090907,2022-09-22 09:23:41,7050,117.5,81.0,0.5999177489177487,0.921,0.3846969696969697,6194226.0,17.12775,4.0,182907.76666666663
471,482,2022-09-22 09:23:56,235073.83422391835,2022-09-22 09:23:56,7065,117.75,71.08333333333334,0.478798611111111,0.911,0.5056527777777777,5341866.0,11.18225,4.0,236006.5166666667
472,483,2022-09-22 09:24:11,236391.37272644637,2022-09-22 09:24:11,7080,118.0,94.41666666666669,0.4489027777777777,0.9624509803921568,0.5365416666666666,5469990.0,16.5045,4.0,229863.68333333332
473,484,2022-09-22 09:24:26,241149.90909090903,2022-09-22 09:24:26,7095,118.25,115.33333333333331,0.4226805555555555,0.9507450980392156,0.5628541666666667,5156382.0,13.36475,4.0,236696.1166666667
474,485,2022-09-22 09:24:41,245838.47272727272,2022-09-22 09:24:41,7110,118.5,127.75,0.4350763888888888,0.9684897959183674,0.5495486111111111,5674242.0,18.6285,4.0,235673.1
475,486,2022-09-22 09:24:56,250823.5824078696,2022-09-22 09:24:56,7125,118.75,115.83333333333331,0.4690138888888888,0.99,0.5169444444444443,5500146.0,21.42075,4.0,237569.25
476,487,2022-09-22 09:25:11,253140.01818181816,2022-09-22 09:25:11,7140,119.0,113.63636363636364,0.6613817340067341,0.9014114744187284,0.3294204545454545,5172711.0,24.07825,5.0,127861.68333333332
477,488,2022-09-22 09:25:26,254205.84103445595,2022-09-22 09:25:26,7155,119.25,118.625,0.6227044612794613,0.9935308641975308,0.2506226851851851,9040744.0,22.3345,6.0,25862.316666666666
478,489,2022-09-22 09:25:41,255399.70586927535,2022-09-22 09:25:41,7170,119.5,117.2,0.5840271885521886,0.944,0.2806515873015872,10126140.0,24.804666666666662,6.0,90236.68333333332
479,490,2022-09-22 09:25:56,256196.23636363636,2022-09-22 09:25:56,7185,119.75,108.5,0.5453499158249159,0.9453333333333334,0.3011527777777778,10802752.0,23.0625,6.0,157832.89999999997
480,491,2022-09-22 09:26:11,255612.9636363636,2022-09-22 09:26:11,7200,120.0,83.75,0.5066726430976431,0.8187189542483659,0.3334823232323232,10875872.0,21.099833333333336,6.0,228245.45
481,492,2022-09-22 09:26:26,253199.2181818181,2022-09-22 09:26:26,7215,120.25,105.41666666666669,0.4679953703703704,0.8153333333333332,0.5208055555555554,8062640.0,20.224,6.0,267944.8833333333
482,493,2022-09-22 09:26:41,250628.7463610519,2022-09-22 09:26:41,7230,120.5,109.58333333333331,0.4162546296296296,0.8326666666666667,0.5728703703703704,8069908.0,18.2725,6.0,275653.6166666667
483,494,2022-09-22 09:26:56,248195.49768372055,2022-09-22 09:26:56,7245,120.75,118.16666666666666,0.380675925925926,0.8333333333333334,0.6069444444444445,6679648.0,17.247833333333336,6.0,282107.8
484,495,2022-09-22 09:27:11,247471.92727272725,2022-09-22 09:27:11,7260,121.0,117.08333333333334,0.3735324074074074,0.8213333333333332,0.6138703703703704,6679668.0,16.563833333333335,6.0,284889.3333333333
485,496,2022-09-22 09:27:26,247188.58787085515,2022-09-22 09:27:26,7275,121.25,113.16666666666669,0.3675462962962963,0.8153725490196079,0.6202361111111111,5758328.0,10.984833333333333,6.0,280735.4
486,497,2022-09-22 09:27:41,247225.9636363636,2022-09-22 09:27:41,7290,121.5,111.0,0.3570601851851852,0.7946666666666666,0.6301666666666668,5760380.0,9.878333333333332,6.0,281359.9
487,498,2022-09-22 09:27:56,246976.38656654,2022-09-22 09:27:56,7305,121.75,105.0,0.3402361111111111,0.8100261437908497,0.6490509259259258,4652084.0,8.486666666666668,6.0,280146.2833333333
488,499,2022-09-22 09:28:11,246079.4363636364,2022-09-22 09:28:11,7320,122.0,97.66666666666669,0.3195972222222222,0.788235294117647,0.6701759259259259,4652308.0,7.292166666666668,6.0,274817.76666666666
489,500,2022-09-22 09:28:26,243587.8363636364,2022-09-22 09:28:26,7335,122.25,106.5,0.2951990740740741,0.7313333333333333,0.6950277777777778,3004772.0,8.124833333333333,6.0,272007.7166666667
490,501,2022-09-22 09:28:41,241183.5870581313,2022-09-22 09:28:41,7350,122.5,111.91666666666669,0.268699074074074,0.7532810457516339,0.723050925925926,3008188.0,8.531666666666668,6.0,264684.1166666667
491,502,2022-09-22 09:28:56,238838.72727272724,2022-09-22 09:28:56,7365,122.75,110.25,0.2504351851851852,0.7373333333333333,0.7415,2607820.0,4.255666666666667,6.0,257758.43333333335
492,503,2022-09-22 09:29:11,238712.70909090905,2022-09-22 09:29:11,7380,123.0,126.0,0.2276203703703704,0.6973333333333334,0.7648425925925926,2607820.0,3.021333333333333,6.0,256375.01666666663
493,504,2022-09-22 09:29:26,240241.09090909088,2022-09-22 09:29:26,7395,123.25,126.75,0.2132268518518517,0.7013333333333334,0.7793194444444445,2036252.0,4.863333333333334,6.0,258729.7666666667
494,505,2022-09-22 09:29:41,240984.4,2022-09-22 09:29:41,7410,123.5,128.75,0.2035,0.704,0.7891527777777778,2038400.0,1.7906666666666669,6.0,261046.25
495,506,2022-09-22 09:29:56,242687.0909090909,2022-09-22 09:29:56,7425,123.75,135.16666666666666,0.1931157407407407,0.7206666666666667,0.7991481481481482,1433788.0,1.85,6.0,261906.06666666665
496,507,2022-09-22 09:30:11,241104.7090909091,2022-09-22 09:30:11,7440,124.0,123.75,0.1857129629629629,0.6606666666666667,0.8071805555555555,1446196.0,0.0053333333333333,6.0,260552.0666666667
497,508,2022-09-22 09:30:26,236969.34545454543,2022-09-22 09:30:26,7455,124.25,92.08333333333334,0.1600694444444444,0.6956601307189543,0.8345833333333333,873080.0,0.0238333333333333,6.0,251432.96666666667
498,509,2022-09-22 09:30:41,231937.2,2022-09-22 09:30:41,7470,124.5,67.33333333333333,0.1575740740740741,0.756,0.8383657407407407,878652.0,0.0085,6.0,241716.21666666665
499,510,2022-09-22 09:30:56,227606.8727272727,2022-09-22 09:30:56,7485,124.75,43.5,0.1488657407407407,0.6693333333333333,0.8485601851851852,39440.0,0.0243333333333333,6.0,233005.4333333333
500,511,2022-09-22 09:31:11,224640.45454545453,2022-09-22 09:31:11,7500,125.0,24.5,0.1421435185185185,0.586,0.8562685185185185,49752.0,0.0025,6.0,225475.51666666663
501,512,2022-09-22 09:31:26,220588.5636363636,2022-09-22 09:31:26,7515,125.25,24.5,0.1417314814814814,0.5926666666666667,0.8566805555555557,55064.0,0.003,6.0,221572.75
502,513,2022-09-22 09:31:41,216300.6525066656,2022-09-22 09:31:41,7530,125.5,16.750000000000004,0.1201805555555555,0.592,0.87875,55064.0,0.0045,6.0,217772.3
503,514,2022-09-22 09:31:56,212239.8363636364,2022-09-22 09:31:56,7545,125.75,6.999999999999999,0.1260277777777777,0.6879455782312925,0.8732361111111111,160068.0,0.0053333333333333,6.0,213005.3333333333
504,515,2022-09-22 09:32:11,211289.43636363637,2022-09-22 09:32:11,7560,126.0,5.0,0.1144953703703703,0.5966666666666668,0.8850925925925924,160724.0,0.0023333333333333,6.0,211216.5
505,516,2022-09-22 09:32:26,212085.9818181818,2022-09-22 09:32:26,7575,126.25,5.0,0.1124629629629629,0.5960000000000001,0.8871249999999999,124968.0,0.0025,6.0,212116.65
506,517,2022-09-22 09:32:41,211999.05685942,2022-09-22 09:32:41,7590,126.5,5.0,0.1114212962962963,0.6260000000000001,0.8881666666666667,130732.0,0.0506666666666666,6.0,212776.28333333333
507,518,2022-09-22 09:32:56,213211.68453056115,2022-09-22 09:32:56,7605,126.75,2.333333333333333,0.1277962962962963,0.5800000000000001,0.8718564814814816,105828.0,0.0038333333333333,6.0,213876.25
508,519,2022-09-22 09:33:11,211436.54545454544,2022-09-22 09:33:11,7620,127.0,2.333333333333333,0.125125,0.5486666666666666,0.8746666666666667,109884.0,0.0041666666666666,6.0,212085.26666666663
509,520,2022-09-22 09:33:26,206934.7090909091,2022-09-22 09:33:26,7635,127.25,2.333333333333334,0.1237916666666666,0.5586666666666668,0.876,70092.0,0.004,6.0,208211.6833333333
510,521,2022-09-22 09:33:41,202029.76363636364,2022-09-22 09:33:41,7650,127.5,2.333333333333334,0.1222041245791245,0.5397254901960784,0.8775803872053873,62820.0,0.01225,6.0,136447.6
511,522,2022-09-22 09:33:56,197821.32727272727,2022-09-22 09:33:56,7665,127.75,69.66666666666667,0.4109778703703704,0.998,0.5844221296296298,3794652.0,15.57125,4.0,16335.4
512,523,2022-09-22 09:34:11,195241.85454545452,2022-09-22 09:34:11,7680,128.0,103.16666666666669,0.3387226984126983,0.996,0.6531750793650796,3818238.0,7.276,4.0,95918.3
